date,overlay
1995-01-31,
1995-02-28,3.343814444444451e-05
1995-03-16,3.278260000000005e-05
1995-03-31,4.264283333333336e-05
1995-04-28,5.41902666666667e-05
1995-05-31,7.492265000000013e-05
1995-06-15,3.8895916666666685e-05
1995-06-30,4.399691666666671e-05
1995-07-31,9.151045000000003e-05
1995-08-31,7.388169722222232e-05
1995-09-14,2.9661488888888895e-05
1995-09-29,3.796654166666675e-05
1995-10-31,0.0001025833777777779
1995-11-30,8.156350000000003e-05
1995-12-14,4.234945555555558e-05
1995-12-29,5.439416666666669e-05
1996-01-31,9.826373333333337e-05
1996-02-29,7.647332222222229e-05
1996-03-14,3.0100000000000027e-05
1996-03-29,2.820025000000004e-05
1996-04-30,5.0535288888889003e-05
1996-05-31,4.641561111111169e-06
1996-06-20,-1.1694444444426072e-08
1996-06-28,3.2304444444448196e-07
1996-07-31,4.488916666667009e-07
1996-08-30,2.0947583333333353e-05
1996-09-19,2.474000000000007e-05
1996-09-30,1.763113611111112e-05
1996-10-31,3.697034166666672e-05
1996-11-29,8.346522222222233e-06
1996-12-19,-5.184944444444401e-06
1996-12-31,-2.1666666666623573e-08
1997-01-31,1.98021111111117e-06
1997-02-28,2.0827333333333393e-06
1997-03-20,-2.7476111111111095e-06
1997-03-31,-4.3789777777777745e-06
1997-04-30,-1.1493333333333263e-05
1997-05-30,1.2012000000000042e-05
1997-06-19,8.273944444444472e-06
1997-06-30,6.7848000000000074e-06
1997-07-31,1.745386111111114e-05
1997-08-29,2.9936055555555625e-05
1997-09-18,2.0672222222222233e-05
1997-09-30,1.1266666666666702e-05
1997-10-31,1.533897222222234e-05
1997-11-28,1.8767000000000097e-05
1997-12-18,1.7548888888888953e-05
1997-12-31,1.5496722222222265e-05
1998-01-30,4.776583333333343e-05
1998-02-27,5.2227000000000095e-05
1998-03-19,3.126333333333339e-05
1998-03-31,1.415233333333334e-05
1998-04-30,3.2844166666666734e-05
1998-05-29,1.8228111111111142e-05
1998-06-18,8.7933333333334e-06
1998-06-30,2.6293333333333723e-06
1998-07-31,4.757638888888901e-05
1998-08-31,0.00013813169444444452
1998-09-17,8.205994444444448e-05
1998-09-30,6.734361111111113e-05
1998-10-30,0.00015948750000000008
1998-11-30,0.0001305143055555556
1998-12-17,5.7200277777777784e-05
1998-12-31,5.690805555555557e-05
1999-01-29,9.092547222222228e-05
1999-02-26,8.189533333333338e-05
1999-03-18,4.4906111111111136e-05
1999-03-31,2.8676916666666694e-05
1999-04-30,5.7265833333333364e-05
1999-05-31,4.869583333333337e-05
1999-06-17,2.224072222222226e-05
1999-06-30,8.511388888888903e-06
1999-07-30,2.6083333333333376e-05
1999-08-31,9.93066666666668e-06
1999-09-16,5.2955555555555846e-06
1999-09-30,5.308333333333569e-07
1999-10-29,-1.0383611111110987e-05
1999-11-30,7.964444444444515e-06
1999-12-16,-1.1755555555555518e-05
1999-12-31,-7.270833333333319e-06
2000-01-31,-1.8341666666666607e-05
2000-02-29,-1.9051388888888805e-05
2000-03-16,-1.5133333333333296e-05
2000-03-31,-1.8291666666666643e-05
2000-04-28,-3.739555555555552e-05
2000-05-31,-3.7583333333333215e-05
2000-06-15,-1.662208333333329e-05
2000-06-30,-1.2666666666666636e-05
2000-07-31,-2.14416666666666e-05
2000-08-31,-1.2055555555555185e-06
2000-09-14,2.4780000000000604e-06
2000-09-29,4.422083333333373e-06
2000-10-31,2.0244444444444485e-05
2000-11-30,1.2234166666666759e-05
2000-12-14,8.375111111111153e-06
2000-12-29,1.3077500000000034e-05
2001-01-31,6.858958333333341e-05
2001-02-28,7.041844444444453e-05
2001-03-15,4.071958333333336e-05
2001-03-30,3.705750000000001e-05
2001-04-30,0.00012836755555555558
2001-05-31,0.00012758308333333344
2001-06-14,5.745366666666669e-05
2001-06-29,6.358333333333337e-05
2001-07-31,0.00014848888888888893
2001-08-31,0.0001397583333333334
2001-09-20,0.00010800000000000001
2001-09-28,4.632222222222223e-05
2001-10-31,0.00020863333333333335
2001-11-30,0.00018756000000000005
2001-12-20,0.00012635333333333335
2001-12-31,7.024722222222225e-05
2002-01-31,0.00021135972222222223
2002-02-28,0.0001886842222222223
2002-03-14,9.380972222222224e-05
2002-03-29,0.00010379166666666669
2002-04-30,0.00022763377777777776
2002-05-31,0.0002486243055555556
2002-06-20,0.00016469111111111116
2002-06-28,6.464022222222224e-05
2002-07-31,0.0002864812500000001
2002-08-30,0.00026120833333333334
2002-09-19,0.0001749861111111111
2002-09-30,9.550138888888888e-05
2002-10-31,0.000268451388888889
2002-11-29,0.0002553111666666667
2002-12-19,0.00016581944444444448
2002-12-31,9.756033333333334e-05
2003-01-31,0.00023908750000000006
2003-02-28,0.00018938422222222225
2003-03-20,0.00014554888888888894
2003-03-31,7.855833333333335e-05
2003-04-30,0.0002068441666666667
2003-05-30,0.00019010416666666674
2003-06-19,0.00011812500000000001
2003-06-30,6.027847222222223e-05
2003-07-31,0.00015484586111111113
2003-08-29,0.00013902922222222225
2003-09-18,9.212833333333337e-05
2003-09-30,5.510200000000002e-05
2003-10-31,0.00014803619444444448
2003-11-28,0.0001321055555555556
2003-12-18,8.961444444444448e-05
2003-12-31,5.719711111111112e-05
2004-01-30,0.00012636250000000004
2004-02-27,0.00010871700000000002
2004-03-18,7.922555555555557e-05
2004-03-31,5.021250000000001e-05
2004-04-30,0.00012020833333333332
2004-05-31,0.00011956872222222224
2004-06-17,5.960672222222224e-05
2004-06-30,4.047297222222225e-05
2004-07-30,9.039833333333336e-05
2004-08-31,8.467200000000006e-05
2004-09-16,3.6580444444444455e-05
2004-09-30,3.143894444444447e-05
2004-10-29,5.6997888888888944e-05
2004-11-30,4.735288888888895e-05
2004-12-16,2.1769333333333356e-05
2004-12-31,2.024208333333336e-05
2005-01-31,2.6374111111111148e-05
2005-02-28,1.757777777777783e-05
2005-03-17,8.371555555555566e-06
2005-03-31,5.444444444444471e-06
2005-04-29,5.638888888888939e-06
2005-05-31,8.888888888889144e-07
2005-06-16,-2.6888888888887406e-07
2005-06-30,-3.42805555555553e-06
2005-07-29,-1.6393055555555494e-05
2005-08-31,-2.5544750000000003e-05
2005-09-15,-1.189541666666664e-05
2005-09-30,-1.3794166666666642e-05
2005-10-31,-3.812741666666658e-05
2005-11-30,-3.889499999999997e-05
2005-12-15,-2.1579166666666645e-05
2005-12-30,-2.152083333333331e-05
2006-01-31,-5.550577777777768e-05
2006-02-28,-5.145311111111102e-05
2006-03-16,-2.8688888888888887e-05
2006-03-31,-2.662499999999997e-05
2006-04-28,-5.608477777777774e-05
2006-05-31,-6.607424999999995e-05
2006-06-15,-3.4557083333333304e-05
2006-06-30,-3.4287499999999986e-05
2006-07-31,-6.421908333333328e-05
2006-08-31,-4.9776527777777725e-05
2006-09-14,-2.2556333333333333e-05
2006-09-29,-2.129791666666665e-05
2006-10-31,-3.683555555555549e-05
2006-11-30,-2.7162499999999942e-05
2006-12-14,-1.003333333333333e-05
2006-12-29,-1.2870833333333322e-05
2007-01-31,-2.002916666666655e-05
2007-02-28,-7.1555555555555015e-06
2007-03-15,-2.9999999999999933e-06
2007-03-30,-2.6041666666666344e-06
2007-04-30,1.2486111111111648e-06
2007-05-31,5.773750000000014e-06
2007-06-14,3.86944444444445e-06
2007-06-29,1.3541666666666794e-06
2007-07-31,1.453333333333336e-05
2007-08-31,2.032222222222228e-05
2007-09-20,3.48888888888889e-05
2007-09-28,1.3988888888888902e-05
2007-10-31,7.31041666666668e-05
2007-11-30,8.654166666666672e-05
2007-12-20,6.163888888888892e-05
2007-12-31,3.4115277777777804e-05
2008-01-31,0.00015126277777777788
2008-02-29,0.00015646950000000007
2008-03-20,0.00012832000000000002
2008-03-31,6.863175e-05
2008-04-30,0.00018462500000000006
2008-05-30,0.00018466666666666672
2008-06-19,0.00013758333333333336
2008-06-30,7.125555555555557e-05
2008-07-31,0.00021387847222222224
2008-08-29,0.000192125
2008-09-18,6.791666666666667e-05
2008-09-30,5.188333333333335e-05
2008-10-31,0.00018063958333333337
2008-11-28,0.00020501988888888887
2008-12-18,0.00011455944444444449
2008-12-31,7.097711111111111e-05
2009-01-30,0.00010822083333333333
2009-02-27,8.016633333333334e-05
2009-03-19,5.6076666666666685e-05
2009-03-31,2.7042000000000003e-05
2009-04-30,6.871750000000001e-05
2009-05-29,5.1771444444444466e-05
2009-06-18,3.986666666666667e-05
2009-06-30,2.2031e-05
2009-07-31,5.1021694444444466e-05
2009-08-31,5.465558333333333e-05
2009-09-17,2.364794444444445e-05
2009-09-30,1.6315361111111115e-05
2009-10-30,4.929750000000001e-05
2009-11-30,5.3993388888888895e-05
2009-12-17,3.146936111111111e-05
2009-12-31,2.600227777777778e-05
2010-01-29,4.999036111111112e-05
2010-02-26,4.944177777777779e-05
2010-03-18,3.891000000000001e-05
2010-03-31,2.5692694444444444e-05
2010-04-30,6.628833333333333e-05
2010-05-31,7.111916666666665e-05
2010-06-17,4.529886111111112e-05
2010-06-30,3.469627777777778e-05
2010-07-30,7.433333333333336e-05
2010-08-31,8.943555555555557e-05
2010-09-16,4.8433333333333336e-05
2010-09-30,4.217266666666667e-05
2010-10-29,9.203472222222222e-05
2010-11-30,9.094666666666666e-05
2010-12-16,4.8234666666666674e-05
2010-12-31,4.755750000000001e-05
2011-01-31,0.00010427883333333335
2011-02-28,9.14977777777778e-05
2011-03-17,5.508897222222223e-05
2011-03-31,5.055166666666666e-05
2011-04-29,0.00011547638888888888
2011-05-31,0.00013407822222222224
2011-06-16,6.880444444444445e-05
2011-06-30,6.128344444444445e-05
2011-07-29,0.00013480972222222224
2011-08-31,0.00015284133333333334
2011-09-15,7.378458333333333e-05
2011-09-30,6.672916666666668e-05
2011-10-31,0.00011984169444444443
2011-11-30,0.00010010166666666669
2011-12-15,4.272000000000001e-05
2011-12-30,4.139583333333334e-05
2012-01-31,8.74266666666667e-05
2012-02-29,6.851250000000002e-05
2012-03-15,3.248541666666667e-05
2012-03-30,3.104750000000001e-05
2012-04-30,5.2332305555555555e-05
2012-05-31,6.699530555555557e-05
2012-06-14,3.142222222222223e-05
2012-06-29,3.127749999999999e-05
2012-07-31,4.154400000000001e-05
2012-08-31,3.846411111111111e-05
2012-09-20,2.3194444444444445e-05
2012-09-28,9.45488888888889e-06
2012-10-31,3.6621750000000006e-05
2012-11-30,3.835666666666667e-05
2012-12-20,2.5648333333333333e-05
2012-12-31,1.6221944444444444e-05
2013-01-31,4.515838888888889e-05
2013-02-28,3.6379777777777776e-05
2013-03-14,1.952844444444444e-05
2013-03-29,2.031833333333333e-05
2013-04-30,4.363377777777778e-05
2013-05-31,4.131266666666666e-05
2013-06-20,2.6563333333333334e-05
2013-06-28,1.0251999999999998e-05
2013-07-31,4.618441666666667e-05
2013-08-30,3.321083333333334e-05
2013-09-19,2.6924444444444445e-05
2013-09-30,1.538472222222222e-05
2013-10-31,4.314338888888888e-05
2013-11-29,3.98588888888889e-05
2013-12-19,3.219444444444445e-05
2013-12-31,1.8868333333333334e-05
2014-01-31,4.830833333333334e-05
2014-02-28,4.355555555555555e-05
2014-03-20,3.320833333333333e-05
2014-03-31,1.8226388888888887e-05
2014-04-30,5.391666666666667e-05
2014-05-30,4.947916666666667e-05
2014-06-19,2.633333333333333e-05
2014-06-30,1.4414583333333332e-05
2014-07-31,3.754444444444445e-05
2014-08-29,3.677361111111111e-05
2014-09-18,2.0972222222222227e-05
2014-09-30,1.3366666666666669e-05
2014-10-31,3.3798611111111114e-05
2014-11-28,3.0722222222222227e-05
2014-12-18,1.8388888888888894e-05
2014-12-31,1.4516666666666666e-05
2015-01-30,6.433333333333333e-05
2015-02-27,4.942777777777778e-05
2015-03-19,2.9916666666666664e-05
2015-03-31,2.2983333333333327e-05
2015-04-30,5.5208333333333325e-05
2015-05-29,5.1475e-05
2015-06-18,3.4472222222222216e-05
2015-06-30,1.9533333333333335e-05
2015-07-31,4.3744444444444436e-05
2015-08-31,3.8319444444444454e-05
2015-09-17,1.9148611111111107e-05
2015-09-30,1.4047222222222223e-05
2015-10-30,2.7416666666666668e-05
2015-11-30,2.7813888888888896e-05
2015-12-17,9.491666666666664e-06
2015-12-31,9.411111111111111e-06
2016-01-29,1.4862499999999995e-05
2016-02-29,1.9547222222222223e-05
2016-03-17,5.784722222222224e-06
2016-03-31,2.7513888888888907e-06
2016-04-29,1.4490333333333331e-05
2016-05-31,1.7719111111111107e-05
2016-06-16,1.4543999999999995e-05
2016-06-30,2.8194444444444445e-06
2016-07-29,-4.188888888888886e-06
2016-08-31,2.0049333333333325e-05
2016-09-15,6.71e-06
2016-09-30,5.958333333333328e-06
2016-10-31,-1.5069444444444458e-06
2016-11-30,-2.8749999999999997e-05
2016-12-15,-1.2979166666666671e-05
2016-12-30,-1.7187499999999994e-05
2017-01-31,-2.217777777777778e-05
2017-02-28,-1.3300000000000003e-05
2017-03-16,-1.5266666666666667e-05
2017-03-31,-1.3729166666666664e-05
2017-04-28,-1.407777777777777e-05
2017-05-31,-4.074583333333334e-05
2017-06-15,-1.5476666666666667e-05
2017-06-30,-1.316666666666667e-05
2017-07-31,-3.582222222222222e-05
2017-08-31,-3.1253166666666674e-05
2017-09-14,-1.6197611111111118e-05
2017-09-29,-1.633333333333333e-05
2017-10-31,-3.620088888888889e-05
2017-11-30,-3.902499999999999e-05
2017-12-14,-1.5503444444444444e-05
2017-12-29,-2.3164583333333335e-05
2018-01-31,-6.0272666666666656e-05
2018-02-28,-5.462644444444443e-05
2018-03-15,-3.830875e-05
2018-03-30,-3.510416666666666e-05
2018-04-30,-8.042519444444442e-05
2018-05-31,-7.447319444444444e-05
2018-06-14,-3.6594444444444446e-05
2018-06-29,-3.764583333333334e-05
2018-07-31,-8.726666666666666e-05
2018-08-31,-7.762486111111111e-05
2018-09-20,-5.202777777777778e-05
2018-09-28,-2.123311111111111e-05
2018-10-31,-9.01835e-05
2018-11-30,-9.29858333333333e-05
2018-12-20,-6.272222222222222e-05
2018-12-31,-3.356527777777777e-05
2019-01-31,-9.36888888888889e-05
2019-02-28,-8.030555555555555e-05
2019-03-14,-3.848055555555556e-05
2019-03-29,-4.14375e-05
2019-04-30,-8.528888888888887e-05
2019-05-31,-7.726319444444443e-05
2019-06-20,-4.215277777777778e-05
2019-06-28,-1.7277777777777778e-05
2019-07-31,-6.657291666666666e-05
2019-08-30,-5.25e-05
2019-09-19,-3.562499999999999e-05
2019-09-30,-1.7775694444444445e-05
2019-10-31,-4.391322222222222e-05
2019-11-29,-3.447777777777778e-05
2019-12-19,-2.5874999999999995e-05
2019-12-31,-1.3533333333333333e-05
2020-01-31,-3.598583333333333e-05
2020-02-28,-2.2717333333333344e-05
2020-03-19,8.205555555555589e-07
2020-03-31,-8.116666666666666e-06
2020-04-30,1.3611666666666667e-05
2020-05-29,9.90833333333332e-07
2020-06-18,-6.666666666669479e-09
2020-06-30,-8.213333333333342e-07
2020-07-31,-3.487500000000003e-06
2020-08-31,-6.0923611111111125e-06
2020-09-17,-3.1402777777777783e-06
2020-09-30,2.3472222222222205e-07
2020-10-30,2.8749999999999958e-06
2020-11-30,2.4972222222221804e-07
2020-12-17,2.474444444444442e-06
2020-12-31,-2.7027777777778095e-07
2021-01-29,-4.092222222222228e-06
2021-02-26,2.7603333333333267e-06
2021-03-18,-3.722222222222302e-07
2021-03-31,-4.5861111111111496e-07
2021-04-30,-1.8916666666666749e-06
2021-05-31,-5.9373611111111224e-06
2021-06-17,-1.825138888888893e-06
2021-06-30,-7.886666666666714e-07
2021-07-30,1.4208333333333245e-06
2021-08-31,2.177777777777771e-06
2021-09-16,3.906666666666663e-06
2021-09-30,4.804722222222216e-06
2021-10-29,1.1736944444444438e-05
2021-11-30,3.5466666666666656e-06
2021-12-16,6.773333333333333e-06
2021-12-31,9.124999999999996e-06
2022-01-31,1.4229861111111106e-05
2022-02-28,4.977777777777775e-06
2022-03-17,-5.076388888888821e-07
2022-03-31,2.2781111111111146e-06
2022-04-29,-1.4947083333333324e-05
2022-05-31,-4.328888888888887e-05
2022-06-16,-2.938844444444444e-05
2022-06-30,-2.7176722222222218e-05
2022-07-29,-4.686319444444442e-05
2022-08-31,-4.1064833333333307e-05
2022-09-15,-2.7464166666666667e-05
2022-09-30,-1.2382916666666654e-05
2022-10-31,-2.474747222222221e-05
2022-11-30,-2.7966666666666647e-05
2022-12-15,-1.8835416666666642e-05
2022-12-30,-2.1993749999999965e-05
2023-01-31,-4.019555555555556e-05
2023-02-28,-3.569222222222219e-05
2023-03-16,-1.0684444444444423e-05
2023-03-31,-1.2552499999999994e-05
2023-04-28,-1.915666666666661e-05
2023-05-31,-1.5354166666666656e-05
2023-06-15,-6.236666666666636e-06
2023-06-30,-6.150833333333286e-06
2023-07-31,-5.597222222221606e-07
2023-08-31,2.892472222222271e-06
2023-09-14,4.180555555555592e-06
2023-09-29,2.931250000000029e-06
2023-10-31,8.101333333333442e-06
2023-11-30,7.337500000000052e-06
2023-12-14,4.41000000000005e-06
2023-12-29,7.135833333333369e-06
2024-01-31,1.814725000000011e-05
2024-02-29,1.7793111111111154e-05
2024-03-14,6.205888888888921e-06
2024-03-29,1.123666666666671e-05
2024-04-30,2.4282666666666725e-05
2024-05-31,2.260416666666671e-05
2024-06-20,1.5488333333333386e-05
2024-06-28,6.183333333333355e-06
2024-07-31,2.871183333333335e-05
2024-08-30,3.345083333333332e-05
2024-09-19,3.542500000000004e-05
2024-09-30,1.768616666666668e-05
2024-10-31,4.928224999999998e-05
2024-11-29,4.8823111111111106e-05
2024-12-19,3.8794444444444445e-05
2024-12-31,2.275266666666668e-05
2025-01-31,4.869583333333337e-05
2025-02-28,3.7278111111111114e-05
2025-03-20,2.9293333333333394e-05
2025-03-31,1.5990027777777783e-05
2025-04-30,3.57416666666667e-05
2025-05-30,3.291666666666665e-05
2025-06-19,1.7299444444444458e-05
2025-06-30,8.257638888888895e-06
2025-07-31,2.6733194444444436e-05
2025-08-29,3.119513888888889e-05
2025-09-18,2.514166666666669e-05
2025-09-30,1.5780333333333332e-05
2025-10-31,4.959569444444445e-05
2025-11-28,4.9003111111111134e-05
2025-12-18,3.377777777777782e-05
2025-12-31,2.079097222222224e-05
2026-01-30,5.539583333333338e-05
2026-02-27,5.360055555555556e-05
2026-03-19,3.9092222222222216e-05
2026-03-31,2.6275000000000012e-05
2026-04-30,7.228916666666669e-05
2026-05-29,7.613547222222222e-05
2026-06-18,5.264944444444445e-05
2026-06-30,2.9613333333333327e-05
2026-07-31,8.625577777777778e-05
