date,USD,CHF,EUR,GBP,JPY,NOK,CAD,HKD
1995-01-31,1,1.2855,0.7891,0.6331,99.55,6.68,1.407,7.7315
1995-02-28,1,1.2375,0.7736,0.6314,96.69,6.4851,1.3908,7.7295
1995-03-16,1,1.165,0.7458,0.6304,90.31,6.2651,1.414,7.7315
1995-03-31,1,1.1285,0.7345,0.6167,86.55,6.1379,1.399,7.7325
1995-04-28,1,1.144,0.7396,0.6202,84.34,6.2425,1.356,7.742
1995-05-31,1,1.1672,0.7477,0.6305,84.62,6.2884,1.3701,7.7353
1995-06-15,1,1.1646,0.747,0.6255,84.58,6.2434,1.3784,7.7355
1995-06-30,1,1.148,0.735,0.6268,84.63,6.1522,1.372,7.736
1995-07-31,1,1.1525,0.7265,0.6262,88.45,6.1431,1.365,7.738
1995-08-31,1,1.2034,0.7673,0.6453,97.46,6.4181,1.3432,7.7407
1995-09-14,1,1.2125,0.7755,0.6456,102.39,6.4867,1.3664,7.7385
1995-09-29,1,1.1543,0.7483,0.631,99.73,6.2876,1.3415,7.732
1995-10-31,1,1.1363,0.7403,0.633,101.96,6.2282,1.3443,7.7265
1995-11-30,1,1.1761,0.7551,0.652,102.04,6.3643,1.3606,7.7305
1995-12-14,1,1.1622,0.7543,0.6472,101.43,6.348,1.3743,7.7305
1995-12-29,1,1.1543,0.7467,0.6454,103.52,6.3457,1.3645,7.7325
1996-01-31,1,1.2112,0.7726,0.6607,107.05,6.5097,1.3742,7.728
1996-02-29,1,1.2015,0.762,0.6528,105.23,6.4088,1.3693,7.7313
1996-03-14,1,1.1879,0.7634,0.6549,105.44,6.4104,1.3686,7.7315
1996-03-29,1,1.1897,0.765,0.6549,107.26,6.4124,1.3595,7.7343
1996-04-30,1,1.2445,0.7884,0.6638,105.13,6.5735,1.3616,7.7353
1996-05-31,1,1.2486,0.784,0.6447,108.08,6.5078,1.3688,7.7363
1996-06-20,1,1.256,0.7822,0.6495,108.19,6.5212,1.3667,7.7407
1996-06-28,1,1.2545,0.7807,0.644,109.73,6.5044,1.3636,7.7405
1996-07-31,1,1.1978,0.7599,0.6424,106.82,6.368,1.3752,7.7345
1996-08-30,1,1.2017,0.7617,0.6391,108.9,6.4114,1.3682,7.7325
1996-09-19,1,1.243,0.7774,0.6437,109.44,6.476,1.3705,7.7323
1996-09-30,1,1.2548,0.781,0.6389,111.39,6.4922,1.3616,7.7327
1996-10-31,1,1.2687,0.7748,0.6146,114.07,6.385,1.3387,7.7323
1996-11-29,1,1.305,0.7861,0.5945,113.85,6.4251,1.3511,7.732
1996-12-19,1,1.3385,0.7963,0.6003,114.1,6.4792,1.3667,7.7387
1996-12-31,1,1.3415,0.7864,0.5834,115.7,6.3775,1.3705,7.7345
1997-01-31,1,1.4225,0.8357,0.6241,121.3,6.483,1.3472,7.7498
1997-02-28,1,1.479,0.8641,0.614,120.38,6.7408,1.3681,7.7438
1997-03-20,1,1.4538,0.864,0.6279,123.73,6.8147,1.3796,7.7473
1997-03-31,1,1.4488,0.8581,0.6107,123.8,6.6153,1.3842,7.7489
1997-04-30,1,1.4735,0.8847,0.6159,127.1,7.1209,1.3978,7.7462
1997-05-30,1,1.4142,0.8722,0.6102,116.33,7.1129,1.377,7.743
1997-06-19,1,1.4393,0.8802,0.6067,114.23,7.2066,1.3875,7.7418
1997-06-30,1,1.4618,0.8885,0.6004,114.58,7.3298,1.3812,7.7468
1997-07-31,1,1.5125,0.9364,0.6095,118.55,7.6266,1.3783,7.7419
1997-08-29,1,1.4925,0.9185,0.6191,120.95,7.4823,1.3883,7.7499
1997-09-18,1,1.466,0.9023,0.6206,121.85,7.2086,1.3918,7.7426
1997-09-30,1,1.4476,0.9004,0.619,120.51,7.0625,1.3819,7.738
1997-10-31,1,1.3995,0.8781,0.5978,120.48,7.0243,1.4083,7.7305
1997-11-28,1,1.4269,0.899,0.5921,127.85,7.196,1.4229,7.7298
1997-12-18,1,1.4373,0.9041,0.6004,128.45,7.2445,1.4268,7.75
1997-12-31,1,1.4619,0.9167,0.6078,130.59,7.3738,1.4297,7.7485
1998-01-30,1,1.4762,0.9339,0.6127,127.05,7.5936,1.4534,7.7351
1998-02-27,1,1.4653,0.9273,0.6086,126.1,7.586,1.4235,7.7429
1998-03-19,1,1.4965,0.933,0.6005,130.67,7.615,1.419,7.7484
1998-03-31,1,1.5223,0.9444,0.5977,133.07,7.6225,1.4196,7.7491
1998-04-30,1,1.5013,0.9169,0.5984,132.87,7.458,1.4308,7.747
1998-05-29,1,1.4831,0.9106,0.6131,138.8,7.5573,1.4569,7.7491
1998-06-18,1,1.4961,0.9142,0.5981,137.85,7.5925,1.4728,7.7435
1998-06-30,1,1.5203,0.9216,0.5996,138.78,7.662,1.4669,7.7482
1998-07-31,1,1.4917,0.9088,0.6126,144.66,7.5413,1.5133,7.748
1998-08-31,1,1.4425,0.9074,0.5944,139.3,7.8045,1.567,7.7491
1998-09-17,1,1.391,0.859,0.5943,131.87,7.4939,1.5298,7.7483
1998-09-30,1,1.3785,0.8543,0.5886,136.46,7.387,1.5307,7.7493
1998-10-30,1,1.3515,0.8466,0.5968,115.98,7.306,1.543,7.7459
1998-11-30,1,1.394,0.8647,0.6069,122.94,7.5064,1.5348,7.7433
1998-12-17,1,1.3491,0.8512,0.5976,116.36,7.753,1.5423,7.747
1998-12-31,1,1.3753,0.8573,0.6025,113.6,7.5515,1.5382,7.7461
1999-01-29,1,1.416,0.8801,0.6079,116.33,7.5361,1.5105,7.7483
1999-02-26,1,1.4463,0.9067,0.624,119.2,7.8974,1.5095,7.7479
1999-03-18,1,1.444,0.9114,0.614,117.47,7.7178,1.5183,7.75
1999-03-31,1,1.4823,0.9292,0.6205,118.9,7.7648,1.5063,7.75
1999-04-30,1,1.5255,0.9461,0.6213,119.48,7.8094,1.4565,7.7503
1999-05-31,1,1.5272,0.9597,0.624,121.8,7.8925,1.4734,7.7548
1999-06-17,1,1.543,0.9668,0.6274,119.41,7.8613,1.462,7.7578
1999-06-30,1,1.5494,0.9661,0.6341,121.1,7.8318,1.4631,7.7582
1999-07-30,1,1.4908,0.9335,0.6167,114.53,7.7733,1.5066,7.762
1999-08-31,1,1.5146,0.9464,0.6235,109.73,7.847,1.4928,7.7651
1999-09-16,1,1.5434,0.963,0.616,105.25,7.9058,1.4753,7.7642
1999-09-30,1,1.4956,0.936,0.6071,106.46,7.7023,1.4672,7.768
1999-10-29,1,1.5209,0.948,0.608,104.1,7.8225,1.4707,7.7681
1999-11-30,1,1.5862,0.9908,0.6257,102.16,8.063,1.4738,7.7673
1999-12-16,1,1.5743,0.9833,0.6207,103.1,7.991,1.4755,7.7733
1999-12-31,1,1.5907,0.9938,0.618,102.51,8.0167,1.4461,7.7735
2000-01-31,1,1.6576,1.0302,0.6187,107.32,8.3294,1.4479,7.7804
2000-02-29,1,1.6653,1.0371,0.6332,110.33,8.3882,1.4497,7.7828
2000-03-16,1,1.6625,1.0314,0.6347,105.37,8.4173,1.4735,7.7844
2000-03-31,1,1.6653,1.0466,0.6285,102.78,8.4679,1.4488,7.7866
2000-04-28,1,1.7157,1.0966,0.6444,108.18,8.9452,1.4798,7.7893
2000-05-31,1,1.68,1.0661,0.6661,107.66,8.8916,1.4966,7.7922
2000-06-15,1,1.6356,1.0474,0.6614,106.46,8.5994,1.4754,7.7936
2000-06-30,1,1.6343,1.0499,0.6594,106.12,8.5959,1.481,7.7956
2000-07-31,1,1.6699,1.0792,0.6668,109.43,8.8545,1.4863,7.7986
2000-08-31,1,1.7424,1.1264,0.6909,106.67,9.0871,1.472,7.7988
2000-09-14,1,1.7731,1.1569,0.7105,107.58,9.2952,1.4868,7.7985
2000-09-29,1,1.7247,1.1329,0.6765,108.14,9.0685,1.5032,7.7964
2000-10-31,1,1.7973,1.178,0.691,108.84,9.274,1.5237,7.7974
2000-11-30,1,1.729,1.1456,0.7022,110.38,9.2669,1.537,7.7994
2000-12-14,1,1.6877,1.1207,0.6788,111.91,9.1093,1.517,7.7988
2000-12-29,1,1.6111,1.0608,0.6698,114.41,8.8031,1.4991,7.7997
2001-01-31,1,1.6354,1.0677,0.6828,116.57,8.7771,1.4978,7.7988
2001-02-28,1,1.6681,1.0827,0.6919,117.37,8.9063,1.5364,7.7995
2001-03-15,1,1.714,1.1143,0.6966,122.34,9.1314,1.5598,7.7998
2001-03-30,1,1.7428,1.1406,0.7062,126.34,9.1743,1.5757,7.7998
2001-04-30,1,1.733,1.1247,0.6982,123.48,9.1032,1.535,7.7991
2001-05-31,1,1.7979,1.183,0.7047,119.23,9.3658,1.538,7.7998
2001-06-14,1,1.7702,1.1596,0.7138,121.34,9.2551,1.5206,7.7984
2001-06-29,1,1.7921,1.1779,0.7059,124.65,9.3247,1.5143,7.7998
2001-07-31,1,1.7265,1.141,0.7019,125.0,9.1188,1.5335,7.7998
2001-08-31,1,1.6618,1.0961,0.6879,118.79,8.8285,1.5512,7.8001
2001-09-20,1,1.5855,1.0779,0.6819,116.38,8.5545,1.5719,7.7991
2001-09-28,1,1.6204,1.0972,0.6783,119.56,8.8699,1.5792,7.7998
2001-10-31,1,1.6337,1.1105,0.6874,122.42,8.8856,1.5884,7.7999
2001-11-30,1,1.6415,1.1156,0.7016,123.48,8.9209,1.573,7.7988
2001-12-20,1,1.6313,1.1111,0.6903,128.66,8.8976,1.5791,7.7983
2001-12-31,1,1.6603,1.1242,0.6875,131.66,8.9632,1.593,7.798
2002-01-31,1,1.7193,1.1636,0.7088,134.68,9.1243,1.5891,7.7993
2002-02-28,1,1.6966,1.1502,0.7056,133.36,8.8785,1.6016,7.7994
2002-03-14,1,1.655,1.1331,0.704,129.16,8.781,1.5918,7.7995
2002-03-29,1,1.6813,1.1472,0.7011,132.73,8.8426,1.5949,7.7998
2002-04-30,1,1.6175,1.1105,0.6861,128.54,8.4134,1.5677,7.7991
2002-05-31,1,1.5678,1.0704,0.6871,124.22,7.9721,1.5279,7.7998
2002-06-20,1,1.5242,1.0365,0.6674,123.53,7.6391,1.5277,7.8
2002-06-28,1,1.481,1.0086,0.6521,119.47,7.4978,1.5174,7.7994
2002-07-31,1,1.4852,1.0229,0.6395,119.85,7.6373,1.5842,7.7999
2002-08-30,1,1.4988,1.018,0.6452,118.46,7.5385,1.5585,7.8
2002-09-19,1,1.4817,1.0129,0.6422,121.32,7.4553,1.5738,7.8
2002-09-30,1,1.4752,1.0136,0.6374,121.81,7.4052,1.5868,7.7997
2002-10-31,1,1.4767,1.0098,0.6391,122.48,7.4341,1.5584,7.7996
2002-11-29,1,1.4832,1.0057,0.642,122.55,7.3227,1.5653,7.7989
2002-12-19,1,1.4235,0.9736,0.6236,120.6,7.0939,1.5523,7.7983
2002-12-31,1,1.3836,0.9529,0.6211,118.79,6.937,1.5718,7.7987
2003-01-31,1,1.3639,0.9287,0.6071,119.87,6.917,1.5195,7.8
2003-02-28,1,1.352,0.9253,0.6359,118.1,7.1604,1.4846,7.7994
2003-03-20,1,1.3873,0.942,0.6384,120.32,7.4226,1.4818,7.799
2003-03-31,1,1.3514,0.9161,0.6318,118.09,7.272,1.4673,7.7992
2003-04-30,1,1.3547,0.8942,0.6257,118.88,6.9995,1.4301,7.7994
2003-05-30,1,1.2979,0.8482,0.6112,119.3,6.6877,1.3666,7.7988
2003-06-19,1,1.3147,0.8534,0.5957,118.38,6.9731,1.3446,7.7993
2003-06-30,1,1.3509,0.8687,0.6043,119.8,7.2034,1.3467,7.7986
2003-07-31,1,1.3709,0.8904,0.6209,120.55,7.2886,1.4043,7.7993
2003-08-29,1,1.3999,0.9101,0.633,116.92,7.5086,1.3865,7.7994
2003-09-18,1,1.3848,0.8887,0.6184,115.25,7.2255,1.361,7.7995
2003-09-30,1,1.3192,0.8579,0.6018,111.5,7.0444,1.3521,7.7418
2003-10-31,1,1.3395,0.8625,0.5897,109.94,7.106,1.3198,7.7642
2003-11-28,1,1.291,0.8338,0.5808,109.63,6.8167,1.3008,7.765
2003-12-18,1,1.2496,0.8048,0.5638,107.63,6.7201,1.3291,7.7659
2003-12-31,1,1.2391,0.794,0.56,107.22,6.6652,1.297,7.7638
2004-01-30,1,1.2565,0.8015,0.5483,105.71,7.0111,1.3252,7.7771
2004-02-27,1,1.2623,0.8005,0.5352,109.11,6.9987,1.3343,7.7838
2004-03-18,1,1.2573,0.8071,0.5448,106.83,6.8726,1.3274,7.7922
2004-03-31,1,1.2659,0.812,0.5417,104.23,6.8445,1.3093,7.792
2004-04-30,1,1.2956,0.835,0.5624,110.52,6.8663,1.3722,7.7995
2004-05-31,1,1.2541,0.8205,0.5458,109.52,6.7406,1.3624,7.7939
2004-06-17,1,1.2524,0.8295,0.545,109.65,6.9286,1.3712,7.7981
2004-06-30,1,1.2487,0.8196,0.5494,108.77,6.926,1.3328,7.7997
2004-07-30,1,1.2815,0.8321,0.5495,111.36,7.0173,1.3314,7.7998
2004-08-31,1,1.2664,0.8208,0.5548,109.17,6.8683,1.3127,7.8
2004-09-16,1,1.2686,0.8207,0.5577,109.59,6.9257,1.2904,7.7993
2004-09-30,1,1.2461,0.8041,0.5519,110.05,6.7074,1.2613,7.796
2004-10-29,1,1.1943,0.7814,0.5445,105.81,6.3617,1.2177,7.7837
2004-11-30,1,1.1413,0.7532,0.5237,103.07,6.1409,1.1874,7.775
2004-12-16,1,1.1589,0.7552,0.5176,104.79,6.1969,1.2347,7.7757
2004-12-31,1,1.1404,0.7378,0.5213,102.63,6.0805,1.2019,7.7726
2005-01-31,1,1.1889,0.767,0.5311,103.7,6.3657,1.2398,7.7996
2005-02-28,1,1.1631,0.7561,0.5205,104.63,6.2193,1.2339,7.7989
2005-03-17,1,1.1568,0.7476,0.5194,104.54,6.0834,1.2012,7.8001
2005-03-31,1,1.1965,0.7713,0.529,107.15,6.3385,1.2104,7.7992
2005-04-29,1,1.1951,0.7769,0.5239,104.75,6.3102,1.2583,7.7937
2005-05-31,1,1.2483,0.8127,0.5503,108.57,6.4551,1.2549,7.7801
2005-06-16,1,1.272,0.8259,0.5487,108.91,6.4976,1.2359,7.775
2005-06-30,1,1.2814,0.826,0.5582,110.92,6.5328,1.2251,7.771
2005-07-29,1,1.2894,0.825,0.5689,112.5,6.4906,1.2233,7.7738
2005-08-31,1,1.253,0.8099,0.5543,110.61,6.37,1.1878,7.7718
2005-09-15,1,1.2676,0.8181,0.5537,110.64,6.3699,1.185,7.759
2005-09-30,1,1.2939,0.8315,0.5665,113.51,6.5468,1.163,7.7575
2005-10-31,1,1.2886,0.8339,0.5651,116.4,6.5009,1.1822,7.7523
2005-11-30,1,1.3152,0.8484,0.5783,119.81,6.7398,1.1657,7.7547
2005-12-15,1,1.2891,0.8348,0.5665,116.22,6.638,1.1584,7.7524
2005-12-30,1,1.3134,0.844,0.5804,117.75,6.7442,1.162,7.7545
2006-01-31,1,1.2779,0.8226,0.562,117.2,6.6436,1.139,7.7574
2006-02-28,1,1.3117,0.8388,0.5703,115.77,6.7472,1.1369,7.758
2006-03-16,1,1.2895,0.8207,0.569,116.82,6.564,1.1524,7.7578
2006-03-31,1,1.3042,0.8254,0.5757,117.78,6.5525,1.1686,7.7597
2006-04-28,1,1.2388,0.7915,0.5477,113.83,6.1503,1.117,7.7535
2006-05-31,1,1.2192,0.7808,0.5349,112.64,6.087,1.1016,7.7584
2006-06-15,1,1.2307,0.7914,0.5407,114.75,6.1971,1.1112,7.7619
2006-06-30,1,1.2231,0.7818,0.541,114.44,6.2214,1.117,7.7663
2006-07-31,1,1.2312,0.7833,0.5354,114.68,6.1568,1.1313,7.7709
2006-08-31,1,1.2305,0.7804,0.525,117.4,6.3196,1.1037,7.7772
2006-09-14,1,1.2518,0.7859,0.53,117.59,6.5283,1.1167,7.7821
2006-09-29,1,1.2506,0.789,0.5342,118.18,6.5329,1.118,7.7919
2006-10-31,1,1.2442,0.7836,0.5243,116.98,6.5402,1.1222,7.7779
2006-11-30,1,1.1978,0.7552,0.5087,115.81,6.1559,1.1403,7.7781
2006-12-14,1,1.2148,0.7609,0.5101,117.84,6.2043,1.1573,7.7711
2006-12-29,1,1.2201,0.7577,0.5105,119.06,6.2356,1.1657,7.778
2007-01-31,1,1.2441,0.7673,0.5088,120.7,6.2419,1.1769,7.808
2007-02-28,1,1.2196,0.7559,0.5092,118.56,6.1322,1.1699,7.8132
2007-03-15,1,1.2174,0.7554,0.5162,117.57,6.1433,1.1772,7.8117
2007-03-30,1,1.2155,0.7488,0.5082,117.83,6.0823,1.154,7.8138
2007-04-30,1,1.2073,0.7327,0.5001,119.53,5.9508,1.1097,7.8227
2007-05-31,1,1.2253,0.7433,0.5051,121.73,6.0323,1.0689,7.808
2007-06-14,1,1.2462,0.7512,0.5079,122.92,6.094,1.0682,7.8175
2007-06-29,1,1.2215,0.7385,0.4978,123.17,5.8944,1.0653,7.8175
2007-07-31,1,1.2011,0.7308,0.4923,118.62,5.8282,1.0665,7.8263
2007-08-31,1,1.2084,0.7337,0.4958,115.77,5.8242,1.0556,7.7978
2007-09-20,1,1.1726,0.711,0.4981,114.76,5.5233,1.0024,7.7872
2007-09-28,1,1.1637,0.7009,0.4885,114.81,5.3869,0.9923,7.7747
2007-10-31,1,1.1581,0.6903,0.4808,115.44,5.3671,0.9431,7.7503
2007-11-30,1,1.1318,0.6834,0.4863,111.24,5.543,0.9987,7.7871
2007-12-20,1,1.1582,0.6979,0.5041,113.14,5.6077,1.0014,7.8018
2007-12-31,1,1.1335,0.6855,0.5038,111.75,5.4372,0.9984,7.8001
2008-01-31,1,1.0814,0.6729,0.5032,106.45,5.4095,1.0028,7.7971
2008-02-29,1,1.0412,0.6588,0.5027,103.74,5.2132,0.9878,7.7814
2008-03-20,1,1.0098,0.6482,0.5038,99.51,5.263,1.0235,7.7772
2008-03-31,1,0.9931,0.6334,0.5041,99.7,5.095,1.0253,7.783
2008-04-30,1,1.0345,0.6401,0.5033,103.92,5.0842,1.0079,7.7937
2008-05-30,1,1.0423,0.6429,0.5045,105.52,5.1039,0.9934,7.8043
2008-06-19,1,1.0455,0.645,0.507,108.01,5.1901,1.0156,7.8063
2008-06-30,1,1.021,0.6347,0.5019,106.21,5.0891,1.0215,7.7967
2008-07-31,1,1.047,0.6409,0.504,107.92,5.1323,1.0246,7.8017
2008-08-29,1,1.1012,0.6815,0.5491,108.8,5.4195,1.0637,7.8039
2008-09-18,1,1.1046,0.697,0.5501,105.44,5.7768,1.0606,7.7808
2008-09-30,1,1.1221,0.7096,0.5616,106.11,5.8628,1.0644,7.7653
2008-10-31,1,1.1578,0.7855,0.6221,98.47,6.727,1.2125,7.75
2008-11-28,1,1.2136,0.7879,0.6505,95.53,7.0131,1.2398,7.7503
2008-12-18,1,1.0833,0.7021,0.666,89.44,6.8674,1.2047,7.7499
2008-12-31,1,1.0687,0.7156,0.6848,90.64,6.9538,1.2188,7.7503
2009-01-30,1,1.1619,0.7806,0.6877,89.92,6.9091,1.2296,7.7546
2009-02-27,1,1.1689,0.7893,0.6985,97.58,7.0421,1.2763,7.7553
2009-03-19,1,1.1236,0.7318,0.6894,94.52,6.3355,1.2396,7.751
2009-03-31,1,1.1394,0.7547,0.6982,98.96,6.737,1.2602,7.7504
2009-04-30,1,1.1405,0.7559,0.6761,98.63,6.5583,1.1925,7.7501
2009-05-29,1,1.0669,0.7064,0.6177,95.34,6.2903,1.0915,7.7523
2009-06-18,1,1.0864,0.7194,0.6123,96.48,6.4075,1.1322,7.7502
2009-06-30,1,1.0859,0.7126,0.6076,96.36,6.4311,1.1623,7.7502
2009-07-31,1,1.0685,0.7014,0.5984,94.68,6.1161,1.0776,7.7501
2009-08-31,1,1.059,0.6977,0.614,93.12,6.0155,1.0938,7.7507
2009-09-17,1,1.0283,0.6784,0.6078,91.08,5.8408,1.0646,7.7502
2009-09-30,1,1.0363,0.6831,0.6257,89.71,5.7726,1.0695,7.75
2009-10-30,1,1.0263,0.6793,0.6081,90.09,5.7259,1.0848,7.7502
2009-11-30,1,1.0053,0.6665,0.6083,86.41,5.6793,1.0563,7.7501
2009-12-17,1,1.0476,0.6975,0.6191,89.97,5.8693,1.0711,7.7561
2009-12-31,1,1.0352,0.6978,0.6184,93.03,5.7935,1.0532,7.7543
2010-01-29,1,1.0606,0.7214,0.6256,90.27,5.9274,1.0704,7.7645
2010-02-26,1,1.0735,0.7337,0.6562,88.97,5.91,1.0517,7.7626
2010-03-18,1,1.058,0.7349,0.656,90.39,5.8702,1.0141,7.7609
2010-03-31,1,1.0539,0.7402,0.6586,93.47,5.9421,1.0153,7.7643
2010-04-30,1,1.0776,0.7521,0.6547,93.85,5.9049,1.0179,7.7641
2010-05-31,1,1.1549,0.8126,0.6878,91.27,6.4603,1.0445,7.7865
2010-06-17,1,1.112,0.8072,0.6746,91.01,6.3584,1.0282,7.7836
2010-06-30,1,1.0774,0.8172,0.6691,88.43,6.4996,1.0639,7.7885
2010-07-30,1,1.0412,0.7662,0.6373,86.47,6.0758,1.0297,7.7668
2010-08-31,1,1.0151,0.7887,0.6515,84.2,6.3025,1.0656,7.7784
2010-09-16,1,1.0157,0.7647,0.64,85.78,6.0948,1.0265,7.766
2010-09-30,1,0.9825,0.7334,0.6363,83.53,5.8768,1.0292,7.7592
2010-10-29,1,0.9824,0.717,0.6235,80.4,5.8482,1.0194,7.7508
2010-11-30,1,1.0034,0.7702,0.6426,83.69,6.2093,1.0264,7.7659
2010-12-16,1,0.9645,0.7551,0.6397,83.91,5.9496,1.0061,7.777
2010-12-31,1,0.9352,0.7471,0.6405,81.12,5.8218,0.998,7.7731
2011-01-31,1,0.944,0.7302,0.6245,82.04,5.7755,1.001,7.7971
2011-02-28,1,0.9289,0.7243,0.6151,81.78,5.5954,0.9716,7.788
2011-03-17,1,0.8985,0.7132,0.6198,78.89,5.6564,0.9848,7.8029
2011-03-31,1,0.919,0.7064,0.6239,83.13,5.5394,0.9706,7.7788
2011-04-29,1,0.8653,0.6753,0.5986,81.19,5.2499,0.9451,7.7662
2011-05-31,1,0.854,0.6946,0.608,81.52,5.38,0.9685,7.7766
2011-06-16,1,0.8476,0.7036,0.6189,80.63,5.5175,0.9812,7.8022
2011-06-30,1,0.8404,0.6896,0.623,80.56,5.3873,0.9634,7.7818
2011-07-29,1,0.7855,0.6945,0.6089,76.76,5.3774,0.9552,7.7941
2011-08-31,1,0.806,0.6957,0.6154,76.66,5.366,0.9777,7.786
2011-09-15,1,0.8694,0.7207,0.6329,76.7,5.5674,0.9836,7.7896
2011-09-30,1,0.9082,0.7468,0.6417,77.06,5.8657,1.0503,7.7856
2011-10-31,1,0.877,0.7216,0.6216,78.17,5.5534,1.0008,7.768
2011-11-30,1,0.9132,0.7438,0.6368,77.62,5.771,1.0174,7.7676
2011-12-15,1,0.94,0.7682,0.6446,77.86,5.996,1.0351,7.7811
2011-12-30,1,0.9381,0.7714,0.6435,76.91,5.9751,1.0213,7.7674
2012-01-31,1,0.9202,0.7643,0.6345,76.27,5.8636,1.0026,7.7551
2012-02-29,1,0.9044,0.7505,0.6283,81.15,5.5919,0.9899,7.7564
2012-03-15,1,0.923,0.7645,0.6365,83.57,5.7813,0.9918,7.7623
2012-03-30,1,0.9025,0.7495,0.6246,82.87,5.6926,0.9987,7.7661
2012-04-30,1,0.9075,0.7554,0.616,79.82,5.7216,0.9872,7.7585
2012-05-31,1,0.9713,0.8087,0.6491,78.32,6.1174,1.0328,7.7624
2012-06-14,1,0.9507,0.7916,0.6426,79.35,5.9417,1.0226,7.7589
2012-06-29,1,0.9485,0.7899,0.6367,79.79,5.9587,1.0166,7.7574
2012-07-31,1,0.9764,0.8128,0.6378,78.12,6.0335,1.0031,7.7545
2012-08-31,1,0.9549,0.7952,0.6303,78.39,5.7975,0.9863,7.7556
2012-09-20,1,0.9332,0.7711,0.6167,78.24,5.7385,0.9769,7.7534
2012-09-28,1,0.9398,0.7777,0.6185,77.96,5.7251,0.9837,7.7546
2012-10-31,1,0.9315,0.7719,0.62,79.77,5.7021,0.9994,7.7501
2012-11-30,1,0.9281,0.7699,0.6245,82.48,5.6733,0.9944,7.7503
2012-12-20,1,0.9116,0.755,0.6143,84.39,5.5569,0.9877,7.75
2012-12-31,1,0.9154,0.758,0.6154,86.75,5.5648,0.9921,7.7503
2013-01-31,1,0.91,0.7365,0.6306,91.71,5.4653,0.9972,7.7551
2013-02-28,1,0.9367,0.7657,0.6594,92.56,5.7378,1.0306,7.7551
2013-03-14,1,0.9472,0.769,0.663,96.11,5.7931,1.0222,7.7583
2013-03-29,1,0.9492,0.7802,0.658,94.22,5.8472,1.0174,7.7636
2013-04-30,1,0.9293,0.7594,0.6439,97.45,5.7701,1.0073,7.7602
2013-05-31,1,0.9551,0.7694,0.6579,100.45,5.8691,1.0375,7.7626
2013-06-20,1,0.9276,0.7564,0.6448,97.28,5.9981,1.0387,7.757
2013-06-28,1,0.945,0.7687,0.6574,99.14,6.0699,1.0519,7.7565
2013-07-31,1,0.9262,0.7517,0.6576,97.88,5.8924,1.0277,7.7558
2013-08-30,1,0.9298,0.7564,0.6451,98.17,6.1158,1.0537,7.755
2013-09-19,1,0.9106,0.7391,0.6238,99.45,5.8301,1.0265,7.7538
2013-09-30,1,0.9049,0.7393,0.6178,98.27,6.014,1.0309,7.756
2013-10-31,1,0.9069,0.7362,0.6235,98.36,5.9423,1.0431,7.7532
2013-11-29,1,0.9062,0.7358,0.611,102.44,6.1269,1.0614,7.7528
2013-12-19,1,0.898,0.732,0.6109,104.25,6.1511,1.0664,7.7536
2013-12-31,1,0.8929,0.7277,0.604,105.31,6.0713,1.0623,7.754
2014-01-31,1,0.9065,0.7415,0.6083,102.04,6.2804,1.1128,7.765
2014-02-28,1,0.8803,0.7246,0.5972,101.8,6.0034,1.1064,7.7602
2014-03-20,1,0.8838,0.7258,0.6059,102.39,6.0679,1.1244,7.7642
2014-03-31,1,0.8846,0.7263,0.6001,103.23,5.9883,1.105,7.7568
2014-04-30,1,0.8804,0.7211,0.5927,102.24,5.9492,1.0962,7.7528
2014-05-30,1,0.8952,0.7335,0.5967,101.77,5.9734,1.0846,7.7529
2014-06-19,1,0.8941,0.7349,0.5869,101.94,6.1199,1.0818,7.7507
2014-06-30,1,0.8868,0.7305,0.5846,101.33,6.1331,1.0671,7.7504
2014-07-31,1,0.9088,0.7466,0.5922,102.8,6.2855,1.0906,7.7501
2014-08-29,1,0.9182,0.7615,0.6025,104.09,6.1975,1.0878,7.7502
2014-09-18,1,0.9338,0.7739,0.6101,108.69,6.3239,1.0934,7.7509
2014-09-30,1,0.9551,0.7917,0.6168,109.65,6.4261,1.1198,7.7652
2014-10-31,1,0.9626,0.7983,0.6252,112.32,6.751,1.1266,7.755
2014-11-28,1,0.9653,0.8033,0.6389,118.63,7.0304,1.1416,7.754
2014-12-18,1,0.9799,0.8139,0.6382,118.84,7.3892,1.1576,7.7563
2014-12-31,1,0.9943,0.8266,0.6419,119.78,7.452,1.1621,7.7551
2015-01-30,1,0.9202,0.8861,0.6638,117.49,7.7291,1.2732,7.7519
2015-02-27,1,0.9543,0.8931,0.648,119.63,7.6655,1.2515,7.7555
2015-03-19,1,0.99,0.9382,0.6778,120.78,8.0889,1.2717,7.7598
2015-03-31,1,0.9727,0.9318,0.6748,120.13,8.0608,1.2686,7.7524
2015-04-30,1,0.9324,0.8911,0.6514,119.38,7.5328,1.2077,7.7505
2015-05-29,1,0.9403,0.9098,0.6539,124.15,7.7716,1.2454,7.7531
2015-06-18,1,0.9217,0.8802,0.6297,122.96,7.7959,1.2222,7.7524
2015-06-30,1,0.9355,0.8979,0.6367,122.5,7.8532,1.2494,7.7517
2015-07-31,1,0.9663,0.9104,0.6401,123.89,8.1826,1.3091,7.7529
2015-08-31,1,0.9673,0.892,0.6517,121.23,8.2799,1.314,7.75
2015-09-17,1,0.9596,0.8745,0.6414,120.01,8.0688,1.3183,7.7501
2015-09-30,1,0.9733,0.8947,0.661,119.88,8.5155,1.3313,7.75
2015-10-30,1,0.9879,0.9086,0.6481,120.62,8.4855,1.308,7.7506
2015-11-30,1,1.029,0.9466,0.6642,123.11,8.6979,1.3362,7.7531
2015-12-17,1,0.9962,0.9237,0.671,122.56,8.7671,1.3937,7.7524
2015-12-31,1,1.0021,0.921,0.6786,120.22,8.8431,1.3839,7.7507
2016-01-29,1,1.0231,0.9233,0.702,121.14,8.6789,1.3976,7.7863
2016-02-29,1,0.9984,0.9197,0.7185,112.69,8.6932,1.354,7.7762
2016-03-17,1,0.9676,0.8835,0.6905,111.39,8.3219,1.2976,7.7551
2016-03-31,1,0.9618,0.8787,0.6963,112.57,8.2685,1.3004,7.7572
2016-04-29,1,0.9599,0.8733,0.6844,106.5,8.051,1.2556,7.7572
2016-05-31,1,0.9939,0.8983,0.6905,110.73,8.3789,1.3093,7.7712
2016-06-16,1,0.965,0.8908,0.7041,104.26,8.3903,1.2967,7.7592
2016-06-30,1,0.976,0.9004,0.7512,103.2,8.3634,1.2924,7.7591
2016-07-29,1,0.9695,0.8949,0.756,102.06,8.4459,1.303,7.7575
2016-08-31,1,0.9839,0.8962,0.7611,103.43,8.328,1.3105,7.757
2016-09-15,1,0.9718,0.8894,0.7554,102.1,8.2321,1.316,7.7586
2016-09-30,1,0.9714,0.8901,0.7705,101.35,7.9846,1.3127,7.7564
2016-10-31,1,0.989,0.9107,0.8169,104.82,8.2596,1.3409,7.7552
2016-11-30,1,1.0173,0.9444,0.7996,114.46,8.5249,1.3437,7.7565
2016-12-15,1,1.03,0.9603,0.8052,118.18,8.6668,1.3336,7.7606
2016-12-30,1,1.019,0.9506,0.8101,116.96,8.6406,1.3441,7.7559
2017-01-31,1,0.9892,0.9261,0.7949,112.8,8.2464,1.303,7.759
2017-02-28,1,1.0058,0.9455,0.8078,112.77,8.3939,1.3301,7.7624
2017-03-16,1,0.9965,0.9289,0.809,113.31,8.5095,1.3319,7.7638
2017-03-31,1,1.0026,0.9385,0.7968,111.39,8.5985,1.3318,7.7709
2017-04-28,1,0.9946,0.9178,0.7722,111.49,8.585,1.3653,7.7784
2017-05-31,1,0.9678,0.8894,0.7758,110.78,8.4359,1.35,7.7921
2017-06-15,1,0.9753,0.8973,0.784,110.93,8.5056,1.3269,7.8016
2017-06-30,1,0.9579,0.8752,0.7677,112.39,8.3465,1.2964,7.8072
2017-07-31,1,0.9669,0.8445,0.7567,110.26,7.8638,1.248,7.8102
2017-08-31,1,0.9587,0.8397,0.7736,109.98,7.7611,1.2482,7.8259
2017-09-14,1,0.9632,0.839,0.7464,110.24,7.8734,1.2165,7.8131
2017-09-29,1,0.9683,0.8464,0.7465,112.51,7.9626,1.2472,7.811
2017-10-31,1,0.9976,0.8587,0.7528,113.64,8.1689,1.2888,7.8011
2017-11-30,1,0.9836,0.8401,0.7393,112.54,8.3188,1.2897,7.8099
2017-12-14,1,0.9891,0.8491,0.7445,112.39,8.2978,1.2797,7.8087
2017-12-29,1,0.9743,0.833,0.7402,112.69,8.2042,1.2571,7.814
2018-01-31,1,0.9313,0.8056,0.7046,109.19,7.7088,1.2315,7.8229
2018-02-28,1,0.9446,0.8201,0.7268,106.68,7.9011,1.2831,7.8261
2018-03-15,1,0.9514,0.8127,0.7175,106.34,7.7139,1.3052,7.8419
2018-03-30,1,0.954,0.8114,0.7134,106.28,7.8413,1.29,7.8488
2018-04-30,1,0.9909,0.8279,0.7265,109.34,8.0156,1.2843,7.8483
2018-05-31,1,0.9858,0.8553,0.7521,108.82,8.1798,1.2958,7.8431
2018-06-14,1,0.997,0.8645,0.7542,110.63,8.1369,1.3105,7.8492
2018-06-29,1,0.9906,0.8558,0.7572,110.76,8.1474,1.3133,7.8466
2018-07-31,1,0.9903,0.8554,0.7619,111.86,8.1589,1.3006,7.8491
2018-08-31,1,0.9689,0.862,0.7716,111.03,8.3836,1.304,7.8491
2018-09-20,1,0.959,0.8491,0.7537,112.49,8.1452,1.2903,7.8426
2018-09-28,1,0.9817,0.8617,0.7676,113.7,8.1542,1.2908,7.828
2018-10-31,1,1.0085,0.884,0.7834,112.94,8.4377,1.3157,7.8415
2018-11-30,1,0.9979,0.8835,0.7843,113.57,8.6186,1.3292,7.824
2018-12-20,1,0.9879,0.8737,0.7899,111.28,8.6869,1.3509,7.8303
2018-12-31,1,0.9821,0.8722,0.7839,109.69,8.6409,1.3637,7.8319
2019-01-31,1,0.9942,0.8736,0.7628,108.89,8.4299,1.3125,7.8467
2019-02-28,1,0.9982,0.8794,0.754,111.39,8.5619,1.3172,7.8499
2019-03-14,1,1.0038,0.8846,0.7552,111.7,8.5712,1.3335,7.8501
2019-03-29,1,0.9952,0.8914,0.7671,110.86,8.6267,1.3349,7.85
2019-04-30,1,1.0193,0.8917,0.7673,111.42,8.6297,1.3388,7.8445
2019-05-31,1,1.0006,0.8954,0.7916,108.29,8.7573,1.3516,7.8384
2019-06-20,1,0.9818,0.8856,0.7873,107.3,8.5559,1.3192,7.8143
2019-06-28,1,0.9763,0.8793,0.7875,107.85,8.5326,1.3095,7.8107
2019-07-31,1,0.994,0.9028,0.8225,108.78,8.8636,1.3191,7.8279
2019-08-30,1,0.9904,0.9102,0.8222,106.28,9.1249,1.3311,7.842
2019-09-19,1,0.9927,0.9057,0.7985,108.02,8.979,1.326,7.8313
2019-09-30,1,0.9977,0.9176,0.8135,108.08,9.0967,1.3241,7.8389
2019-10-31,1,0.9864,0.8967,0.7728,108.03,9.1923,1.3164,7.8373
2019-11-29,1,1.0002,0.9076,0.7733,109.49,9.2248,1.3282,7.8288
2019-12-19,1,0.9785,0.8992,0.7687,109.37,8.9753,1.3125,7.7939
2019-12-31,1,0.9666,0.8919,0.7543,108.61,8.7855,1.299,7.7914
2020-01-31,1,0.9634,0.9015,0.7572,108.35,9.2011,1.3237,7.7643
2020-02-28,1,0.9649,0.9069,0.7801,107.89,9.3939,1.3407,7.7935
2020-03-19,1,0.986,0.9353,0.8706,110.71,11.2472,1.4511,7.7611
2020-03-31,1,0.9611,0.9064,0.8056,107.54,10.4028,1.4062,7.7511
2020-04-30,1,0.9653,0.9131,0.794,107.18,10.2421,1.3945,7.752
2020-05-29,1,0.9616,0.9006,0.8095,107.83,9.7205,1.378,7.7512
2020-06-18,1,0.9514,0.8925,0.805,106.97,9.5426,1.36,7.7504
2020-06-30,1,0.9473,0.8902,0.8064,107.93,9.6251,1.3576,7.7505
2020-07-31,1,0.9129,0.849,0.7642,105.83,9.1022,1.3412,7.7503
2020-08-31,1,0.9037,0.8378,0.748,105.91,8.724,1.3047,7.7502
2020-09-17,1,0.9083,0.844,0.7709,104.74,9.0481,1.3167,7.7501
2020-09-30,1,0.9209,0.8532,0.7738,105.48,9.3324,1.3319,7.75
2020-10-30,1,0.917,0.8586,0.7722,104.66,9.5362,1.3321,7.7522
2020-11-30,1,0.9089,0.8385,0.7505,104.31,8.8781,1.3001,7.7514
2020-12-17,1,0.8847,0.8151,0.7362,103.11,8.5632,1.272,7.7524
2020-12-31,1,0.8852,0.8186,0.7318,103.25,8.5791,1.2725,7.7531
2021-01-29,1,0.8903,0.8239,0.7297,104.68,8.5649,1.2777,7.7534
2021-02-26,1,0.9085,0.8283,0.718,106.57,8.6661,1.2738,7.7566
2021-03-18,1,0.9273,0.8392,0.718,108.89,8.5138,1.2487,7.7649
2021-03-31,1,0.9436,0.8525,0.7255,110.72,8.5505,1.2562,7.7741
2021-04-30,1,0.9131,0.832,0.7239,109.31,8.3212,1.2287,7.7675
2021-05-31,1,0.8989,0.8179,0.7036,109.58,8.3257,1.2064,7.7611
2021-06-17,1,0.9175,0.8399,0.7181,110.21,8.5491,1.2358,7.7645
2021-06-30,1,0.925,0.8434,0.7229,111.11,8.604,1.2398,7.7651
2021-07-30,1,0.9059,0.8427,0.7193,109.72,8.8136,1.2475,7.7718
2021-08-31,1,0.9151,0.8468,0.727,110.02,8.6971,1.2616,7.7771
2021-09-16,1,0.9277,0.8497,0.725,109.73,8.6289,1.2683,7.7829
2021-09-30,1,0.9317,0.8638,0.7421,111.29,8.7485,1.268,7.7863
2021-10-29,1,0.9161,0.865,0.7305,113.95,8.4437,1.2388,7.779
2021-11-30,1,0.9189,0.8819,0.7518,113.17,9.0358,1.2779,7.7974
2021-12-16,1,0.9193,0.8826,0.7506,113.67,8.9859,1.2775,7.8035
2021-12-31,1,0.9129,0.8793,0.7392,115.08,8.8183,1.2637,7.7966
2022-01-31,1,0.9272,0.8902,0.7437,115.11,8.8963,1.2708,7.7974
2022-02-28,1,0.9168,0.8914,0.7454,115.0,8.8105,1.2675,7.8138
2022-03-17,1,0.9371,0.9015,0.7605,118.6,8.8002,1.2628,7.8186
2022-03-31,1,0.9225,0.9036,0.7609,121.7,8.7923,1.2505,7.8326
2022-04-29,1,0.9718,0.9485,0.7953,129.7,9.3816,1.2848,7.8468
2022-05-31,1,0.9595,0.9317,0.7935,128.67,9.377,1.2647,7.8471
2022-06-16,1,0.9666,0.9476,0.8096,132.21,9.9467,1.295,7.8495
2022-06-30,1,0.9551,0.9539,0.8211,135.72,9.8475,1.2873,7.8463
2022-07-29,1,0.9524,0.9785,0.8216,133.27,9.6742,1.2795,7.85
2022-08-31,1,0.9775,0.9947,0.8604,138.96,9.9293,1.313,7.8493
2022-09-15,1,0.9617,0.9999,0.8721,143.52,10.1681,1.3227,7.8491
2022-09-30,1,0.987,1.0202,0.8953,144.74,10.8862,1.3829,7.8498
2022-10-31,1,1.0013,1.012,0.8719,148.71,10.402,1.3624,7.8497
2022-11-30,1,0.9457,0.9609,0.8293,138.07,9.845,1.3412,7.8098
2022-12-15,1,0.9284,0.9409,0.8212,137.78,9.8675,1.3658,7.7767
2022-12-30,1,0.9245,0.9341,0.8276,131.12,9.8038,1.3554,7.8016
2023-01-31,1,0.9162,0.9205,0.8117,130.09,9.9878,1.3306,7.8405
2023-02-28,1,0.9422,0.9456,0.8318,136.17,10.3863,1.3647,7.8494
2023-03-16,1,0.9293,0.9425,0.8258,133.74,10.7616,1.3721,7.8497
2023-03-31,1,0.9153,0.9226,0.8106,132.86,10.4747,1.3516,7.8498
2023-04-28,1,0.8946,0.9075,0.7957,136.3,10.6522,1.3552,7.8496
2023-05-31,1,0.9107,0.9355,0.8038,139.34,11.0879,1.3574,7.8297
2023-06-15,1,0.8918,0.9137,0.7822,140.29,10.4965,1.3223,7.8214
2023-06-30,1,0.8956,0.9167,0.7872,144.31,10.7373,1.3242,7.8365
2023-07-31,1,0.8719,0.9093,0.7791,142.29,10.1297,1.319,7.7984
2023-08-31,1,0.8834,0.9222,0.789,145.54,10.6314,1.3508,7.8418
2023-09-14,1,0.8956,0.9396,0.8059,147.47,10.7349,1.3508,7.8285
2023-09-29,1,0.9153,0.9458,0.8197,149.37,10.6961,1.3577,7.8306
2023-10-31,1,0.9104,0.9456,0.8228,151.68,11.1788,1.3875,7.8239
2023-11-30,1,0.8752,0.9184,0.7922,148.2,10.8118,1.3561,7.8104
2023-12-14,1,0.8676,0.9096,0.7833,141.89,10.5113,1.3407,7.8073
2023-12-29,1,0.8414,0.9059,0.7855,141.04,10.1724,1.3243,7.8115
2024-01-31,1,0.8614,0.9244,0.7881,146.92,10.5052,1.3435,7.8181
2024-02-29,1,0.8845,0.9255,0.7921,149.98,10.622,1.3579,7.829
2024-03-14,1,0.8837,0.9189,0.7841,148.33,10.556,1.3533,7.8227
2024-03-29,1,0.9014,0.9268,0.7922,151.35,10.826,1.354,7.8247
2024-04-30,1,0.9194,0.9376,0.8005,157.8,11.1163,1.3778,7.8239
2024-05-31,1,0.9023,0.9218,0.7848,157.31,10.4956,1.3628,7.8197
2024-06-20,1,0.8914,0.9344,0.7901,158.93,10.5515,1.3689,7.8044
2024-06-28,1,0.8988,0.9334,0.7908,160.88,10.6789,1.3679,7.8082
2024-07-31,1,0.878,0.9237,0.7779,149.98,10.9091,1.3808,7.8125
2024-08-30,1,0.8496,0.9051,0.7618,146.17,10.6128,1.3492,7.7977
2024-09-19,1,0.8478,0.8959,0.7528,142.63,10.4935,1.3559,7.7949
2024-09-30,1,0.8456,0.8981,0.7477,143.63,10.5481,1.3525,7.773
2024-10-31,1,0.8641,0.9188,0.7752,152.03,11.0002,1.3934,7.7734
2024-11-29,1,0.881,0.9455,0.7853,149.77,11.0214,1.4006,7.782
2024-12-19,1,0.8987,0.965,0.7999,157.44,11.4452,1.4398,7.7697
2024-12-31,1,0.9074,0.9659,0.799,157.2,11.3865,1.4384,7.7686
2025-01-31,1,0.9109,0.965,0.8067,155.19,11.3436,1.4541,7.7924
2025-02-28,1,0.9031,0.9638,0.7951,150.63,11.257,1.4461,7.7787
2025-03-20,1,0.8819,0.9215,0.7712,148.78,10.5583,1.4325,7.7728
2025-03-31,1,0.8843,0.9245,0.7741,149.96,10.5099,1.4387,7.7805
2025-04-30,1,0.8258,0.8827,0.7502,143.07,10.4068,1.3799,7.7557
2025-05-30,1,0.8224,0.8813,0.743,144.02,10.2124,1.3739,7.8413
2025-06-19,1,0.8168,0.8699,0.7427,145.45,10.0418,1.37,7.8499
2025-06-30,1,0.7931,0.8484,0.7282,144.03,10.0728,1.3608,7.8499
2025-07-31,1,0.8123,0.876,0.7572,150.75,10.3325,1.3856,7.8498
2025-08-29,1,0.8005,0.8558,0.7405,147.05,10.0587,1.3741,7.7956
2025-09-18,1,0.7924,0.8484,0.7378,148.0,9.8804,1.3797,7.7778
2025-09-30,1,0.7964,0.8523,0.7437,147.9,9.9951,1.392,7.7827
2025-10-31,1,0.8046,0.8668,0.7603,153.99,10.1227,1.401,7.7702
2025-11-28,1,0.804,0.8622,0.7556,156.18,10.1304,1.3977,7.7852
2025-12-18,1,0.7942,0.8531,0.7473,155.55,10.1634,1.3777,7.7815
2025-12-31,1,0.7926,0.8514,0.7421,156.71,10.0865,1.3724,7.7828
2026-01-30,1,0.773,0.8438,0.7307,154.78,9.6376,1.3613,7.8138
2026-02-27,1,0.7693,0.8466,0.7417,156.05,9.5127,1.364,7.8233
2026-03-19,1,0.7882,0.8629,0.7445,157.73,9.4844,1.3739,7.8337
2026-03-31,1,0.7995,0.8656,0.756,158.72,9.6925,1.3916,7.8396
2026-04-30,1,0.7814,0.8524,0.7351,156.59,9.2585,1.3582,7.8323
2026-05-29,1,0.781,0.8577,0.7432,159.27,9.2478,1.3793,7.8366
2026-06-18,1,0.8047,0.8727,0.7572,161.38,9.7418,1.4136,7.8373
2026-06-30,1,0.8084,0.8755,0.7541,162.55,9.9024,1.4196,7.8429
2026-07-31,1,0.8075,0.8675,0.7417,157.4,9.4756,1.4021,7.8422
