date,curve_slope,real_yield,breakeven,cpi_yoy,eq_erp,eq_cape,eq_mom_12m,eq_vol_12m,eq_bond_corr_24m,usd_reer_12m
1995-01-31,1.0413333333333332,4.2060498338871595,3.8524501661128405,,2.448710602630171,19.06655,,,,
1995-02-28,1.024333333333333,4.0135498338868185,3.8899501661131812,,2.631100392611023,19.799799999999998,,,,
1995-03-31,1.029,4.002049833886835,3.844950166113165,,2.772636659536884,20.3975,,,,
1995-04-30,0.999,3.898549833888584,3.8439501661114157,,2.776526972723029,21.09655,,,,
1995-05-31,0.9654999999999997,3.3795498338781753,3.7179501661218244,,3.490960334394917,21.77435,,,,
1995-06-30,0.9994999999999998,3.4490498339085924,3.877450166091407,,3.46944868533574,22.00985,,,,
1995-07-31,1.1753333333333333,3.485549833857588,3.8294501661424123,,3.102743322532417,22.745350000000002,,,,
1995-08-31,1.1683333333333332,3.369549833780947,3.812450166219053,,3.332712140140661,22.342950000000002,,,,
1995-09-30,1.1851666666666667,3.3800498344358267,3.770450165564174,,3.259927108267386,23.3818,,,,
1995-10-31,1.2059999999999997,3.3105498320225735,3.6639501679774265,,3.41973422978422,23.477249999999998,,,,
1995-11-30,1.2353333333333334,3.0890498373056885,3.5504501626943115,,3.532241282312712,24.46665,,,,
1995-12-31,1.137,2.991049831906542,3.502450168093458,,3.628460958225038,23.8248,,,,
1996-01-31,1.3866666666666667,3.007049800441434,3.529950199558566,0.017103390036383077,3.451112596488529,24.61125,0.2517414256211119,0.0626954984250808,,-0.007069329033858263
1996-02-29,1.5935,3.3800499670883015,3.6669500329116986,0.015315981853868213,2.832070342007101,24.71375,0.2495779425848803,0.06325263191226324,,0.0032565130260520103
1996-03-31,1.5725000000000005,3.4965494768449448,3.7564505231550553,0.01430025859015229,2.763679256024095,24.92035,0.27152132873148904,0.06222253741305701,,0.021423106350420662
1996-04-30,1.6025,3.634550438005269,3.7164495619947306,0.020177232065798394,2.340027573827614,25.4461,0.2781763209950152,0.0625202099396193,,0.02091303238969644
1996-05-31,1.6756666666666666,3.825050910366974,3.6694490896330265,0.01572102238609881,1.996962520870892,26.6721,0.2548368194624966,0.06630884782583936,,0.0739648934744741
1996-06-30,1.631166666666667,3.726043366737192,3.5754566332628084,0.015506029461378098,2.130302183116385,26.6274,0.26639759624892223,0.06461670117412235,,0.07166733520524127
1996-07-31,1.6268333333333336,3.7395772711283017,3.606422728871698,0.0165538644941667,2.296722933361934,25.7284,0.1392793221225901,0.08192590325027058,,0.07593582887700534
1996-08-31,1.6643333333333334,3.7674889380714136,3.654511061928586,0.013861530308620954,2.052361731845549,26.249450000000003,0.14920071674441004,0.08228371618514123,,0.044787745034402304
1996-09-30,1.5103333333333329,3.5746286476891704,3.60837135231083,0.018360737241577534,1.986586770871826,27.99505,0.18991513601811816,0.08644816533988652,,0.04206153446709071
1996-10-31,1.4553333333333336,3.3866215617429276,3.5918784382570728,0.018068083861012923,2.313763347457352,29.33775,0.18183081505164345,0.0878892656290403,,0.03377686796315249
1996-11-30,1.4148333333333334,3.1739646567978363,3.514535343202163,0.018164008888583643,2.304664582429933,31.69495,0.19801799296666345,0.09196932163310373,,0.019558359621451027
1996-12-31,1.5235000000000003,3.401417339597363,3.563582660402637,0.022055836242167965,2.286426057504904,24.10065,0.1512292328373268,0.09397779570468512,,0.0209463722397476
1997-01-31,1.559,3.4275,3.5205,0.021055197973927447,1.94354944319981,25.70965,0.15143309513825565,0.09404259851477902,0.22490966227370546,0.02198351236572549
1997-02-28,1.4471666666666663,3.3695,3.5275,0.020188514792614114,1.924214389025614,25.8176,0.17984781917836967,0.0936579527375069,0.24380406155573034,0.042946317103620624
1997-03-31,1.4440000000000002,3.6135,3.6559999999999997,0.019892445750550863,2.087479023908209,24.6255,0.14594803511573762,0.09454235380935502,0.30817495331640543,0.054307116104868935
1997-04-30,1.4449999999999996,3.596,3.4755,0.018829483576340216,1.764706386434686,26.21935,0.15458361941580923,0.09615558896034122,0.3155414087753466,0.0585810642018485
1997-05-31,1.4156666666666666,3.667,3.2560000000000002,0.018205885870862287,1.501306462764113,27.4501,0.20648055781640595,0.09959552813271623,0.34016443210914765,0.05739238927011847
1997-06-30,1.3296666666666668,3.7055,3.0835,0.01926662399236297,1.192273015280545,28.36305,0.25563515839294393,0.10661560452258807,0.34647224906567364,0.034185901434809596
1997-07-31,1.1330000000000002,3.63,2.8555,0.019485509050275684,0.9634458261783028,30.71855,0.3871002043673404,0.08067545831171594,0.3620525686876871,0.036903578528826975
1997-08-31,1.1958333333333335,3.648,3.056,0.019469494695590523,1.441286581937144,28.84915,0.25150999834651233,0.13549806611156703,0.47173355350521634,0.036903578528826975
1997-09-30,1.0338333333333336,3.5255,2.75,0.020416428715482732,1.103835924628154,30.295299999999997,0.2617164463817421,0.1371644081075553,0.4697544205148661,0.05369378348075249
1997-10-31,0.9093333333333334,3.405,2.7815000000000003,0.020402935195196387,1.320899876981461,29.113500000000002,0.16948380897764248,0.1679992859900193,0.4691687903316938,0.04702970297029707
1997-11-30,0.8158333333333331,3.4044999999999996,2.782,0.020753213582857904,1.140137008491971,30.4939,0.14239732883755796,0.16475386012031823,0.464388256495248,0.04702970297029707
1997-12-31,0.8064999999999999,3.4299999999999997,2.5865,0.018191073033187826,0.943528512542816,24.654433333333333,0.17922872024336045,0.16302489372441362,0.4547819463575453,0.09665059943146725
1998-01-31,0.7606666666666665,3.4080000000000004,2.3625,0.017111487201069475,0.9894041610400176,24.293200000000002,0.16405506748336784,0.16108580950580229,0.4725411806486644,0.08445367880713772
1998-02-28,0.6719999999999998,3.374,2.4819999999999998,0.015622274618253254,0.6459184417801356,25.9438,0.2153515720949235,0.17032757738696877,0.4372053174845565,0.07996169499640882
1998-03-31,0.5994999999999998,3.362,2.405,0.01795173830964447,0.5033325247410576,29.9569,0.27606277717590455,0.17062856086695183,0.3883112321642767,0.05529899348727052
1998-04-30,0.5923333333333335,3.3495,2.4000000000000004,0.015475096423988957,0.4139811145085823,32.55713333333333,0.22256327518869123,0.17265656797227322,0.40139431914368756,0.052271386430678524
1998-05-31,0.4346666666666666,3.275,2.3514999999999997,0.015638368188010194,0.6230399754313889,32.26326666666667,0.15929952491273025,0.17238617066452694,0.38198286514751495,0.052271386430678524
1998-06-30,0.3681666666666666,3.3535,2.2984999999999998,0.015620024146189978,0.3512775728640687,32.00143333333333,0.10043261345677301,0.16670677316494698,0.3859983682536447,0.1038726022439378
1998-07-31,0.3193333333333334,3.3125,2.319,0.014386194912514286,0.3349107549539361,33.905966666666664,0.0673448443444733,0.16089149668322555,0.4135822009878346,0.09958058717795093
1998-08-31,0.4575000000000002,3.1675,1.9849999999999999,0.016193298494743935,0.9803197412979454,28.228266666666666,-0.027196935600952266,0.219056939336148,0.061820278191586406,0.12342720191731571
1998-09-30,0.3013333333333334,3.0919999999999996,1.567,0.01305215370177426,0.9313861873682056,28.575066666666668,-0.09430703208821456,0.21325101625949264,-0.019791560375928316,0.0876093639158193
1998-10-31,0.554,3.0934999999999997,1.739,0.01194212531892084,0.5779138958783232,30.7606,0.05431375122872728,0.21112096846759593,-0.047207883108745144,0.08735224586288415
1998-11-30,0.38683333333333353,3.0309999999999997,1.6685,0.013206070656594923,0.2760787693596236,33.532333333333334,0.11899643321969733,0.22492995077566366,-0.05483994827153012,0.04952718676122947
1998-12-31,0.4851666666666665,2.919,1.5854999999999997,0.013136486089326585,-0.0406788037736718,30.9106,0.1090104723339882,0.22467724771515699,-0.06408951704916879,-0.011044742477178016
1999-01-31,0.3343333333333332,2.849,1.5254999999999999,0.012785189806041652,-0.0799610511733095,32.9164,0.10320125540013625,0.2242604782216606,-0.054749984810407305,-0.011044742477178016
1999-02-28,0.5225000000000001,2.9165,1.992,0.012416458197724523,0.0701557331958895,33.27543333333333,0.025111320814729998,0.21510343185165332,-0.02404924294923408,-0.031035247173575642
1999-03-31,0.6188333333333333,2.8674999999999997,1.997,0.012119466447811108,-0.0801240538560135,34.4806,0.0328840406869122,0.21690854265878007,-0.06336261141287261,0.0021319569120286097
1999-04-30,0.5568333333333334,2.8895,2.087,0.013244709354746032,-0.1417036711643456,36.9035,0.10069970853386656,0.22209041942201033,-0.057624284075428314,-0.0021305225386859528
1999-05-31,0.6366666666666666,2.8985,2.3465000000000003,0.01318113591641725,-0.0181515104628426,36.10523333333334,0.07484799490598903,0.22561198665257115,0.0011109728949037533,-0.005045974433729561
1999-06-30,0.664,2.9829999999999997,2.439,0.010585516797786354,-0.3093808754065641,32.690599999999996,0.13059541738313785,0.22977403184030395,-0.07581790163875213,-0.024371584699453552
1999-07-31,0.6578333333333334,3.0380000000000003,2.583,0.011780465933444876,-0.0837222123137699,32.632733333333334,0.09350488989728323,0.23106582202179035,-0.07270587851838957,-0.027136006974716742
1999-08-31,0.6604999999999998,3.167,2.4095,0.01300867788275691,-0.0539565909177088,32.1675,0.31252630434126627,0.13673857557985222,-0.1725511733799348,-0.060693333333333266
1999-09-30,0.6965,3.16,2.5894999999999997,0.014075636126751575,-0.0773713877321493,29.413600000000002,0.3182464100099507,0.13519241357116127,-0.1677502524068023,-0.05196216980106538
1999-10-31,0.5724999999999998,3.1335,2.5814999999999997,0.014568047431844125,-0.3000740882478308,30.73313333333333,0.2812898456721826,0.12639824633490032,-0.20792085801010102,-0.05196216980106538
1999-11-30,0.5143333333333332,3.0865,2.6224999999999996,0.013896676600753813,-0.2463438976374746,32.2989,0.24285748618326153,0.11216560173279405,-0.19833820159319152,-0.019258925554679673
1999-12-31,0.5546666666666665,3.1425,2.8205,0.015975695446365863,-0.6371797690454546,29.740499999999997,0.3153939319175927,0.12341523775925621,-0.2230389620549132,-0.007635327635327704
2000-01-31,0.49333333333333335,3.293,2.9085,0.015562074633669523,-0.3873947477016966,28.384566666666668,0.230063775615029,0.14014022453524635,-0.19894859815848337,-0.007293447293447275
2000-02-29,0.3695,3.215,2.7145,0.01865438466381893,-0.1462941493146088,28.319133333333337,0.25996723622434814,0.1375867554033398,-0.20031664140725955,0.013955616563715356
2000-03-31,0.13049999999999998,3.2840000000000003,2.2439999999999998,0.019233622891367246,-0.1682240194957405,30.1151,0.2532180905548611,0.13621145681638158,-0.16190198361910246,-0.002687269062815023
2000-04-30,0.08616666666666654,3.231,2.379,0.015597606594391189,-0.0122823389154587,29.548600000000004,0.13607568106457446,0.1431871257760491,-0.1536838860964307,0.0008989774131924477
2000-05-31,-0.013666666666666494,3.3683333333333336,2.2343333333333333,0.019211972975994935,-0.1250376358597629,28.69083333333333,0.15264938675240214,0.13897354230651054,-0.13406295425240247,0.033923137608474985
2000-06-30,-0.06383333333333337,3.281,2.2459999999999996,0.023326018887102673,-0.1171667422052045,29.521866666666664,0.11759597664321864,0.13237393414030688,-0.12088221307020777,0.016354878458608724
2000-07-31,-0.11516666666666679,3.3153333333333332,2.2203333333333335,0.02294896409374512,0.0048656996081914,29.086366666666663,0.10868088018167743,0.13414050964915786,-0.13431580302401355,0.017139016466898083
2000-08-31,-0.10916666666666693,3.3316666666666666,2.1766666666666663,0.019405020259333144,-0.1348021292746262,30.274600000000003,0.1431454192370778,0.1368635694957735,0.1877343174320789,0.038496479672950334
2000-09-30,0.020500000000000036,3.3143333333333334,2.145,0.016221647607007894,0.0356864950802351,28.954700000000003,0.09462672488077528,0.15265947716671194,0.2477795404414119,0.048618277720444913
2000-10-31,0.040500000000000015,3.2596666666666665,2.1643333333333334,0.020618746017812845,0.2152302542497648,29.084733333333332,0.03758359830422697,0.14897182294327352,0.271798280739629,0.0787753697970417
2000-11-30,0.028333333333333283,3.1586666666666665,1.996666666666667,0.021863282595748934,0.4974393060133435,27.3002,-0.058031599135998646,0.14656795412034263,0.12492512178533759,0.08658704639412051
2000-12-31,0.11266666666666673,3.1253333333333333,1.874666666666667,0.01939485524320868,0.5186385758687257,26.712433333333333,-0.11866983914958817,0.12199333840950478,0.10270240254136025,0.08658704639412051
2001-01-31,0.23599999999999985,3.057,1.906,0.0209287258365702,0.6327130233484661,26.356933333333334,-0.05286725769873968,0.12195797903887487,0.10516743192819612,0.07909539662495702
2001-02-28,0.19966666666666674,3.01,1.8536666666666666,0.020557341348727904,1.275546500453608,26.1262,-0.13868863316985847,0.13787252770015107,0.04665279588776222,0.07028429602888098
2001-03-31,0.28433333333333327,3.0660000000000003,1.7843333333333333,0.017510927933957494,1.574435494572509,23.001966666666664,-0.2199953747667036,0.12645153575973114,0.00279092551023703,0.06511732345346366
2001-04-30,0.43000000000000016,3.188,2.0216666666666665,0.02287968452621671,1.173088932474785,24.482533333333333,-0.13352539666164753,0.14810745396621688,-0.13514478352892306,0.08858201414617728
2001-05-31,0.49266666666666664,3.162333333333333,2.1383333333333336,0.023279293457013905,1.158990443139038,24.49423333333333,-0.12401904212563597,0.14782237890127772,-0.20564061298928807,0.05330281229561806
2001-06-30,0.4399999999999998,3.2069999999999994,2.105333333333333,0.02000106537201281,1.070068155525473,23.518366666666665,-0.16592813926004657,0.1446630688100795,-0.11132931479978116,0.06502810536757408
2001-07-31,0.46833333333333343,3.1780000000000004,1.8419999999999999,0.01703697611219157,1.056827956803579,23.5308,-0.18167950244046172,0.14687360318912535,-0.1973890353477887,0.07477973568281948
2001-08-31,0.5606666666666665,3.029666666666667,1.8386666666666667,0.01663408729804446,1.413448366967155,22.471999999999998,-0.25245295690933267,0.13885981431471012,-0.2216511698144244,0.046254784034991836
2001-09-30,0.9006666666666666,3.035,1.7636666666666667,0.01663408729804446,1.865785064961656,21.717100000000002,-0.2832797061236504,0.15483035559546765,-0.25798274728800824,0.046254784034991836
2001-10-31,0.8528333333333334,2.861666666666667,1.5706666666666667,0.013372368414365307,1.852549651453377,20.8876,-0.24831625417014835,0.16690942349204177,-0.10364615062257439,0.022959183673469274
2001-11-30,0.8833333333333332,3.0553333333333335,1.639333333333333,0.00985276341860595,1.129216051412421,22.467166666666667,-0.16953864161434096,0.1813732309329223,-0.21214575752670092,0.025787359966180423
2001-12-31,1.0405,3.1823333333333337,1.8756666666666668,0.010386221763322859,0.9875806407651776,22.420833333333334,-0.15345840140762068,0.18430696059926957,-0.20285841009680908,0.023567956034664883
2002-01-31,0.9001666666666667,3.125,1.8426666666666665,0.009531700233730437,1.096803805764305,24.140539999999998,-0.1930394722164005,0.17876223637974645,-0.25690640140974985,0.04510638297872327
2002-02-28,0.9973333333333332,3.023,1.9466666666666665,0.007462789667415611,1.63523067271468,25.626666666666665,-0.12249278344170766,0.16813328341840855,-0.25626201427198847,0.0421629598397808
2002-03-31,0.9471666666666669,3.1123333333333334,2.2283333333333335,0.007462789667415611,1.3921169969361,26.079483333333332,-0.032685008576504804,0.1700315050914693,-0.340770598046009,0.0421629598397808
2002-04-30,1.0661666666666665,2.9753333333333334,2.187,0.01018025808690535,1.894642563313397,24.744566666666667,-0.10675666744066259,0.15493680343741068,-0.3739354776873524,0.01041666666666674
2002-05-31,1.0601666666666667,2.941666666666667,2.243,0.007705758323492591,2.015567772129995,24.427966666666666,-0.10408552603765975,0.15495746087998175,-0.38812095665270113,-0.00589878919590181
2002-06-30,1.0535000000000003,2.885666666666667,2.0593333333333335,0.007705758323492591,2.380327187509579,22.597066666666667,-0.15214532492335497,0.1702249727300596,-0.43951997774871804,-0.00589878919590181
2002-07-31,1.2506666666666666,2.8206666666666664,1.8966666666666665,0.009470460265235328,3.033231163448808,20.434933333333333,-0.2006064215297947,0.18787820237412883,-0.46620683545452285,-0.05205451378214976
2002-08-31,1.1663333333333332,2.54,1.9313333333333331,0.009648462119338952,3.37529806376476,21.433333333333334,-0.15376928958887381,0.18459909014598125,-0.47108658725613745,-0.033131270903010046
2002-09-30,1.121,2.362666666666667,1.7563333333333333,0.013563810996051084,4.249053810228549,18.92958333333333,-0.15909529876477535,0.18758306789281778,-0.5372964674845752,-0.015154682274247544
2002-10-31,1.202,2.5046666666666666,1.8433333333333337,0.014097061131914243,3.470942334406946,20.159616666666665,-0.14101044613890468,0.1951797369185363,-0.5747397768455065,-0.014754779717373268
2002-11-30,1.094833333333333,2.5966666666666667,1.8856666666666664,0.01562446296138594,3.038930822396607,21.10321666666667,-0.14243989326176876,0.19453966213279392,-0.563833524999719,-0.02307850813929535
2002-12-31,1.0621666666666665,2.2870000000000004,1.8636666666666664,0.018572074296043888,3.777186391273073,18.209883333333334,-0.2152512054756861,0.1978047426875218,-0.618130941358542,-0.04233350542075365
2003-01-31,1.1701666666666666,2.103666666666667,2.018,0.022275153590891272,3.90484927016952,17.592566666666666,-0.2328672298728146,0.1991320048134845,-0.6429246081024325,-0.06901465798045603
2003-02-28,1.2303333333333333,1.8106666666666664,2.1283333333333334,0.023931165439239194,4.784438381469529,17.110433333333333,-0.2526898117328914,0.1970059854468109,-0.6621397788538381,-0.07191261252149284
2003-03-31,1.2451666666666668,1.9576666666666664,2.1123333333333334,0.025794289940867632,4.479595754988845,16.873566666666665,-0.2982461685601946,0.18266755603992826,-0.6431791118536312,-0.07454232830990193
2003-04-30,1.3003333333333333,2.0709999999999997,2.041,0.017891388310993312,3.883464815806122,18.29925,-0.22357770600583693,0.21559333068475273,-0.5843275740086386,-0.07338981320812488
2003-05-31,1.1981666666666666,1.7723333333333333,1.9656666666666665,0.015931054422056296,4.037505295339049,18.9057,-0.18304581498803596,0.2251067827615595,-0.48489807299200355,-0.0549656464709557
2003-06-30,1.4556666666666669,1.8079999999999998,2.0326666666666666,0.014142467566415925,3.911877244311677,19.236716666666666,-0.0809043703311354,0.2179697176151176,-0.5032294529331314,-0.09723089735581936
2003-07-31,1.5996666666666666,2.1493333333333333,2.2283333333333335,0.01447968939419562,3.242136301527153,19.678383333333333,0.05691619675716186,0.19826613423995987,-0.5101245753502662,-0.049724354123878545
2003-08-31,1.6208333333333336,2.1293333333333333,2.2936666666666667,0.01447968939419562,3.258933107009799,19.672766666666664,0.08742499425417627,0.1998534378117147,-0.5091552985659936,-0.049724354123878545
2003-09-30,1.6524999999999999,1.891333333333333,2.2816666666666667,0.01614287283140507,3.692699918097672,19.55006666666667,0.19821148975283553,0.15997437375517684,-0.5221466601573251,-0.06346174254483716
2003-10-31,1.6808333333333334,2.035,2.514,0.01484463335492181,3.624110811594293,20.41978333333333,0.1949750734029727,0.1591639713462359,-0.6216438069182383,-0.09438936933136455
2003-11-30,1.6191666666666664,2.1153333333333335,2.510333333333333,0.01484463335492181,3.528417159033121,20.671049999999997,0.1429786470736083,0.1539997930205815,-0.5976670434671048,-0.09438936933136455
2003-12-31,1.5376666666666667,1.9526666666666666,2.497666666666667,0.012812399145331685,3.44480065892921,21.616249999999997,0.2849757788140568,0.132934166247356,-0.5539677482444619,-0.0986522911051213
2004-01-31,1.4488333333333332,1.9433333333333334,2.4886666666666666,0.008712030428926024,3.495202694190327,24.400757142857145,0.36633759817713063,0.11399512124248883,-0.5551304675410135,-0.08593920839711344
2004-02-29,1.3788333333333336,1.7403333333333333,2.5276666666666667,0.005340615144154681,3.883661613635986,24.832985714285712,0.4255953093953837,0.10247115726657606,-0.5395756653597638,-0.10353095030514381
2004-03-31,1.404,1.6173333333333335,2.582,0.00862150917325405,4.155661382170821,24.39547142857143,0.44619707512059326,0.09595724379170105,-0.5192345096436264,-0.07989071038251372
2004-04-30,1.4783333333333335,1.9743333333333333,2.606333333333333,0.012177449647414443,3.695578140234446,24.262485714285713,0.3225850077629593,0.08204914323981036,-0.4512879025969017,-0.06267900418594397
2004-05-31,1.4236666666666666,1.9649999999999999,2.7703333333333333,0.01501542877700122,3.794571270735352,23.966757142857144,0.2495839944399878,0.08522808751773919,-0.4347564196993597,-0.043181317470808556
2004-06-30,1.3685000000000003,1.982,2.6910000000000003,0.018445151802840454,3.666482157588947,24.35141428571428,0.23061670350393992,0.08345208274525201,-0.417468091715878,-0.009225092250922495
2004-07-31,1.3221666666666667,1.968,2.6346666666666665,0.020156941880738837,3.92244780995159,23.614885714285712,0.15174431515601317,0.08986010143272173,-0.3909772058938976,-0.022636787623706023
2004-08-31,1.2630000000000001,1.777,2.5836666666666663,0.01887515192552162,4.171832887846179,23.434800000000003,0.1173344599898003,0.08775549897078708,-0.39022145890475646,-0.030599476737572462
2004-09-30,1.1920000000000002,1.7163333333333333,2.6203333333333334,0.016019656905828256,4.183261857004098,23.462628571428574,0.1534340787830777,0.08403014011420665,-0.28341548017887347,-0.03943342776203973
2004-10-31,1.1771666666666671,1.6106666666666667,2.6203333333333334,0.015020574109028831,4.281665859952488,23.668042857142854,0.1053725123409881,0.069212550951298,-0.24868485583951155,-0.012810061721206578
2004-11-30,1.0755,1.5883333333333336,2.6576666666666666,0.02092988433287457,3.976160124585324,24.299514285714285,0.1377572285614106,0.07468631403098155,-0.2514747219533933,-0.061255386048678306
2004-12-31,1.032,1.5973333333333333,2.547333333333333,0.019537664692363028,3.980924962495644,23.747342857142858,0.12429968863834406,0.06814401121578725,-0.106010294683018,-0.05239234449760766
2005-01-31,0.8661666666666666,1.603,2.488333333333333,0.016021317363391296,4.118545900864951,23.303642857142854,0.10006536354305773,0.06839453671028986,-0.11447452713206623,-0.03971291866028703
2005-02-28,0.8551666666666667,1.6996666666666667,2.5893333333333333,0.01912233248930813,4.114346522835831,24.099899999999998,0.11426750334021274,0.07265961641881061,-0.09614323253155896,-0.017383904692438668
2005-03-31,0.9441666666666667,1.6663333333333332,2.614333333333333,0.018368042201561297,4.178443984181679,22.99355714285714,0.10121306623235071,0.07579535186883835,-0.13644596439008075,-0.04656134932889899
2005-04-30,0.8691666666666668,1.5553333333333335,2.501666666666667,0.014526881572238878,4.476527491818166,22.0148,0.08053375196170731,0.0818248370792327,-0.21467515416149996,-0.056645904336584896
2005-05-31,0.8143333333333334,1.5183333333333333,2.3440000000000003,0.017525470888601753,4.311744620431911,22.66444285714286,0.13264307212319104,0.08398513155243943,-0.3048164415171294,-0.05549159567119499
2005-06-30,0.818,1.4446666666666665,2.2953333333333332,0.015525024676258806,4.142982760415966,23.117057142857146,0.1371590152613955,0.08453261370394496,-0.2839192157984292,-0.032122905027933024
2005-07-31,0.7828333333333334,1.5759999999999998,2.3716666666666666,0.015525024676258806,4.053703215903762,23.977642857142857,0.21857474728850845,0.07977766660944521,-0.24138429955480287,-0.032122905027933024
2005-08-31,0.6985000000000001,1.3760000000000001,2.383666666666667,0.018540994795159988,4.2180122502645405,24.1017,0.2226184140962124,0.07912442085562338,-0.23803028275648155,-0.025228819525932922
2005-09-30,0.6741666666666667,1.4246666666666667,2.5109999999999997,0.02185802175932063,3.9475717811087585,25.316242857142857,0.26487188791218963,0.08680561253979442,-0.22573098415320333,-0.014037985136250986
2005-10-31,0.6539999999999998,1.585,2.518666666666667,0.02418882919449533,3.8975638742538834,24.838128571428573,0.22419745466714902,0.09572471413196934,0.005783279765318098,0.0023593252329834336
2005-11-30,0.5841666666666666,1.6463333333333334,2.4116666666666666,0.01611328252821881,3.583651009904892,26.16217142857143,0.24212916954415653,0.1001890799912698,-0.030759193953607128,0.057561096638134135
2005-12-31,0.47949999999999987,1.524,2.4083333333333328,0.016075597577136724,3.581949488703897,25.778357142857143,0.2409455307005437,0.09997686332127118,-0.07769134720899845,0.07611714213582421
2006-01-31,0.5666666666666668,1.5376666666666665,2.5103333333333335,0.01953911150923447,3.7043326922448303,26.520785714285715,0.29829959215620394,0.09996199151921645,-0.1217141237716327,0.03674638764324856
2006-02-28,0.466,1.5666666666666667,2.5223333333333335,0.020401201546387266,4.010666481328233,26.388242857142853,0.25570918366975914,0.10061358799182064,-0.1365490022826225,0.03624891748113335
2006-03-31,0.5684999999999999,1.8069999999999997,2.544333333333333,0.018575839853057257,3.687734982052333,26.562671428571427,0.30849545948522583,0.09319950023386128,-0.14410448115633806,0.04920891989535314
2006-04-30,0.7034999999999999,1.931,2.626333333333333,0.018575839853057257,3.303086854753457,26.927400000000002,0.36679565677149717,0.07751833374622256,-0.2614905449521869,0.04920891989535314
2006-05-31,0.6193333333333332,1.9403333333333332,2.627666666666667,0.02207375574913543,3.7540870787686003,25.379628571428572,0.24515881387595284,0.11234630286094135,-0.2505193294808053,-0.004631886884446712
2006-06-30,0.6385,2.034333333333333,2.6079999999999997,0.023347167921748218,3.6637222245631547,25.458685714285714,0.22333613880190994,0.11301231864625406,-0.23820472086475145,-0.0019240019240018835
2006-07-31,0.5980000000000001,1.9043333333333334,2.6010000000000004,0.021855475568101263,3.6740103562860935,25.79312857142857,0.18753771300709454,0.10934186248033932,-0.19721022995221454,-0.0018037518037516964
2006-08-31,0.4304999999999999,1.7540000000000002,2.582333333333333,0.02313144202679085,3.8027703440238385,26.036800000000003,0.21364242347693252,0.10924531262285082,-0.1333769868959955,-0.008547008547008517
2006-09-30,0.36999999999999994,1.8076666666666668,2.483333333333333,0.01706556594363266,3.7059264236410985,26.79622857142857,0.17185346460100948,0.10196218118570512,-0.13292101533841474,-0.014596793491265858
2006-10-31,0.36149999999999993,1.8066666666666666,2.4856666666666665,0.016681500174063963,3.4984389915482628,27.529942857142856,0.23181141928847238,0.09575105064689696,-0.12259112768204747,-0.030363657761562912
2006-11-30,0.27849999999999975,1.7216666666666667,2.508,0.018612100905625078,3.5678362386320943,27.780485714285714,0.18585636487283175,0.08825818783961108,-0.13468144410151417,-0.04469208211143694
2006-12-31,0.33333333333333304,1.7687500000000003,2.009,0.018612100905625078,3.2698307413256655,26.802385714285716,0.18130897893859466,0.08720358796778857,-0.18442053175451076,-0.04469208211143694
2007-01-31,0.39933333333333315,1.8860000000000001,2.0235,0.015708076435628177,3.1888169908050705,26.480628571428564,0.14470934107753464,0.08118240887907832,-0.15006188287496103,-0.010693259641955999
2007-02-28,0.3643333333333332,1.732171155347385,2.020328844652615,0.015762810070894678,3.5373186415323716,26.151342857142858,0.12925903820341533,0.08396783225075835,-0.16947759644503663,-0.01623686723973261
2007-03-31,0.11033333333333356,1.7993653395784546,2.047384660421546,0.013099944192601723,3.5812514349912226,25.586928571428576,0.12211106173100195,0.08289658957651687,-0.17694573467816838,-0.021610068867252363
2007-04-30,0.09783333333333333,1.8158120608899302,2.06543793911007,0.022829221313740173,3.318860932800725,26.501599999999996,0.14666846131705324,0.08817268924310129,-0.07633137209487957,-0.035264782711944886
2007-05-31,0.09016666666666655,1.9845037080405934,2.1042462919594067,0.016151656000834458,2.9923000677177565,27.04148571428571,0.2522332954121713,0.04936717477361857,-0.1390127057031748,-0.007959833455792209
2007-06-30,0.16883333333333347,2.105450429352069,2.141549570647931,0.015221310409248123,2.882774045014706,27.00964285714286,0.24744140345737753,0.050659694995845446,-0.1177620293401542,-0.023975903614457783
2007-07-31,0.15899999999999972,1.9668946135831384,2.080355386416861,0.015205747211507544,3.2880542244728366,26.33302857142857,0.2032426033155843,0.06550024337754884,-0.15801997323411787,-0.038188170099987984
2007-08-31,0.25449999999999995,1.8725862607338022,2.004413739266198,0.014052461764304247,3.5409766774710696,26.043428571428567,0.16359875379612165,0.06814776632776116,-0.18234337551797028,-0.03059737736765411
2007-09-30,0.3891666666666666,1.8510355191256833,2.073214480874317,0.014052461764304247,3.3551117059379396,26.872199999999996,0.18837351143047232,0.07269911114918759,-0.13259938160259266,-0.03059737736765411
2007-10-31,0.2991666666666667,1.7382271662763469,2.097272833723653,0.01951503105564419,3.265755116237979,27.520871428571432,0.19240099754513196,0.07355966714538417,-0.21612239270306585,-0.06979002306105109
2007-11-30,0.4603333333333331,1.4884213505074162,2.0908286494925834,0.02592174173179007,3.864548261269308,26.459642857142857,0.12747738985139678,0.09339498168488578,-0.2969441901340561,-0.07404223968565815
2007-12-31,0.49550000000000005,1.5466180718188913,2.0696319281811086,0.03031620507279446,3.8869128806621993,25.00857142857143,0.07934254844396005,0.0917536424877943,-0.31541701009695394,-0.06274557956777993
2008-01-31,0.5815000000000001,1.3303097189695552,2.061190281030445,0.030854014550462588,4.836395150271983,22.464814285714283,-0.03855491641257813,0.13981587443179436,-0.46216592479703267,-0.07238280301190192
2008-02-29,0.6978333333333334,1.2510064402810304,2.08724355971897,0.031141012241067505,5.0917028851432375,22.157442857142858,-0.0261164489832606,0.13951934593738252,-0.4618764737319542,-0.08046116504854384
2008-03-31,0.7358333333333333,1.223453161592506,2.064796838407494,0.035291314155908214,5.388540941686242,21.265071428571428,-0.075286761257508,0.1405644490355797,-0.3905795141180672,-0.10133495145631077
2008-04-30,0.5498333333333333,1.4718973458235756,2.1063526541764244,0.02911596741176155,4.527906879313884,22.608257142857138,-0.050737040599517336,0.1526777783403389,-0.42112026320350027,-0.08935384615384623
2008-05-31,0.4926666666666666,1.5903415300546446,2.259158469945355,0.026404191876730636,4.309701576428845,22.7283,-0.06761465287874646,0.1492741787632653,-0.45949521973884183,-0.08665596839896317
2008-06-30,0.49316666666666653,1.5045,2.3735,0.03740511987348153,4.931352266873425,20.803457142857145,-0.14556857538290602,0.16766424005700964,-0.29885496291564845,-0.07097889149487713
2008-07-31,0.49350000000000005,1.62775,2.079,0.0406712966740748,4.962850053026718,20.393642857142858,-0.13586405118466183,0.16724855467862093,-0.32920833431222624,-0.06237474949899802
2008-08-31,0.45183333333333336,1.5442500000000001,1.9777500000000001,0.03877965295395058,5.097258173880042,20.175271428571428,-0.13424515389075886,0.16730241409984445,-0.3872762801342831,-0.06237474949899802
2008-09-30,0.7221666666666667,1.91975,1.6029999999999998,0.04323877996962359,5.784507776079776,18.319042857142854,-0.2638200097976414,0.18844723069539707,-0.2083706128879365,-0.012274549098196474
2008-10-31,1.2698333333333334,2.9777500000000003,0.5865,0.034972760043935715,6.3586039571685955,15.461414285714287,-0.4092675953341812,0.22766850256802115,0.02468217714408141,0.10542797494780798
2008-11-30,0.9545,2.912,0.029749999999999943,0.02864511575756005,6.862872306032362,14.712357142857144,-0.4135684455490598,0.22782906477111414,-0.08106397975766286,0.12345842726428868
2008-12-31,1.0475,2.221,0.23450000000000004,0.009474077466974576,6.787648625752469,14.3053,-0.3941117971463034,0.23495993727466333,-0.012550216804537119,0.10061574741255086
2009-01-31,1.2505000000000002,2.06875,0.8434999999999999,0.01190812367446814,6.889650450438582,13.35392857142857,-0.37787013569615213,0.22933321782526403,0.02364575640809924,0.09989526053940834
2009-02-28,1.729,2.38025,0.5145000000000001,0.0028949998515731545,7.0106608333923,12.469999999999999,-0.43277692874033846,0.2303452034413381,0.042557063442192435,0.12669922132770228
2009-03-31,1.7311666666666667,1.87825,0.8059999999999998,0.002754044898372036,6.637830880956066,13.072,-0.37021724358434094,0.2593699296643976,0.07496201228222803,0.19797434166103978
2009-04-30,1.9146666666666665,1.9004999999999999,1.0105,0.002287210809296484,5.503136683215469,14.519057142857141,-0.34493971773370313,0.2806631231062123,0.11003365628209973,0.1621840789295852
2009-05-31,2.2046666666666668,2.0585,1.10425,0.002287210809296484,4.888743939880122,15.377914285714287,-0.3051840562674528,0.2973718770670619,0.14313593334907404,0.1621840789295852
2009-06-30,2.0118333333333336,1.97625,1.1019999999999999,-0.0036089698568551043,5.044562986956499,15.350642857142859,-0.24425261589106662,0.2917360593372161,0.16201231466008365,0.0927451501461598
2009-07-31,1.9958333333333336,1.9762499999999998,1.09125,-0.008819492037980714,4.654492666518569,16.388671428571428,-0.16965979084021565,0.3103827634981511,0.23578608828069605,0.0944429601923591
2009-08-31,1.9473333333333331,1.908,1.0425,-0.0067691733465144455,4.593241216558959,16.800371428571427,-0.13434043636831638,0.3141378543991016,0.24347022667623744,0.07480630510285868
2009-09-30,1.9000000000000001,1.8017500000000002,1.1324999999999998,-0.008711023045375133,4.574626225456527,17.18357142857143,0.014104161668026416,0.29248690061948507,0.25694764293879074,0.011032208977935554
2009-10-31,1.9623333333333335,1.7157499999999999,1.27225,-0.008004020541437432,4.863618207837152,17.066414285714288,0.20377241341390362,0.22404528070546847,0.25309514917001597,-0.058899905571293654
2009-11-30,1.8596666666666668,1.592,1.2600000000000002,-0.0047988125733189335,5.0410496938431715,17.092871428571428,0.289520730128602,0.2118999162236604,0.2727267405032625,-0.08203493862134092
2009-12-31,2.0516666666666663,1.7440000000000002,1.4415,0.011289757395195018,4.595711785063373,17.618057142857143,0.32548587003026186,0.21371385830436151,0.2240753590789934,-0.07261040352339021
2010-01-31,2.0580000000000003,1.70725,1.3634999999999997,0.011289757395195018,5.06480954490401,16.915271428571426,0.3746656236551258,0.19827843503608306,0.2961905621345677,-0.07261040352339021
2010-02-28,2.0853333333333333,1.75125,1.337,0.016250019298916712,5.38480591905133,17.024,0.5281584168762619,0.1551247736712766,0.3000950599679952,-0.08082464566006797
2010-03-31,2.0066666666666664,1.6597499999999998,1.4869999999999999,0.020445658194267857,5.127293082809895,18.0439,0.5195770803098463,0.15362249383337234,0.2718961807974434,-0.10945778378987703
2010-04-30,1.9461666666666666,1.5252499999999998,1.4962499999999999,0.021676845696485664,5.588531667329968,17.78411428571429,0.3564195694931922,0.13561168035474233,0.324415898951407,-0.0855913478311432
2010-05-31,1.881833333333333,1.62825,1.13525,0.021207101327845663,6.519592254464405,16.215071428571427,0.16559360746085283,0.15998317186654087,0.32225664066799725,-0.049191766484474875
2010-06-30,1.7813333333333332,1.6252499999999999,0.9819999999999999,0.015615191442241142,6.944077116551738,15.62734285714286,0.13029848913203512,0.16593355668945925,0.2837662372655263,0.0023103112840467954
2010-07-31,1.7001666666666668,1.657,0.9057500000000002,0.019206361466803972,6.526896067480729,16.464685714285714,0.10055249457555737,0.15395002420342968,0.28641467934587816,0.0061027706578786756
2010-08-31,1.442,1.42975,0.75525,0.014056810902608075,7.160911702791026,15.882757142857141,0.02781050124414186,0.15568195434974288,0.25725172560011844,-0.00720855083271188
2010-09-30,1.5134999999999996,1.3865,0.87875,0.01466850999469286,6.65352913157792,16.907414285714285,0.06388255550267607,0.16735173330391231,0.10901773821792661,-0.00915590116643672
2010-10-31,1.5884999999999998,1.3355000000000001,1.0467500000000003,0.01466850999469286,6.542082329057351,17.21847142857143,0.10813452022736292,0.16643226683890763,-0.15096137979677282,-0.00915590116643672
2010-11-30,1.7108333333333334,1.50925,1.08375,0.0160236850777693,6.56081994197704,17.09422857142857,0.075718540426019,0.16740155831396605,0.06632441908779739,-0.020573485920020507
2010-12-31,1.8853333333333335,1.5615,1.23375,0.018910644907665735,6.0347699651366185,17.377000000000002,0.07968523452783316,0.16854902128823737,0.007671021991230024,-0.012450263124117567
2011-01-31,1.8655000000000002,1.63275,1.3125,0.016910941700001698,5.89116266408737,17.5064,0.13867091914152874,0.16008694379705246,-0.05805484753581775,-0.022333461686561362
2011-02-28,1.8318333333333332,1.6275,1.3329999999999997,0.022455037050941557,5.919577367339981,17.88987142857143,0.14941329123474656,0.1605793738737365,-0.16272370618177714,-0.03759398496240607
2011-03-31,1.8256666666666668,1.614,1.4195,0.020272238074458066,6.189857271902549,17.5091,0.06009151139832514,0.15002725281297333,-0.13753559743053614,-0.052784810126582316
2011-04-30,1.7779999999999998,1.4947499999999998,1.3777499999999998,0.01594205140902627,6.1229000961242885,18.017614285714284,0.10330860847421652,0.15135891958823652,-0.18398217872428546,-0.04832761032684718
2011-05-31,1.622333333333333,1.49,1.2367499999999998,0.021594018104173884,6.371332801798933,17.671514285714288,0.17688557997298626,0.12288114297232637,-0.20177969218910433,-0.09711350293542087
2011-06-30,1.6861666666666668,1.4965,1.276,0.021253197160575703,6.552091547539433,17.341242857142856,0.19892794769766753,0.11662563464542179,-0.168458143994566,-0.10226859153220924
2011-07-31,1.525833333333333,1.2277500000000001,1.2630000000000001,0.021253197160575703,7.0503741434903775,16.940614285714286,0.1032978532218678,0.11430488820649294,-0.42251692019684745,-0.10226859153220924
2011-08-31,1.4468333333333334,1.2225000000000001,0.9715000000000001,0.022044799913625995,7.968050058283494,15.626257142857142,0.049995799937930574,0.13923467743096013,-0.5099945054674687,-0.07210816224336491
2011-09-30,1.3025,1.07275,0.9222499999999999,0.02396421764250504,8.586470666107642,14.812428571428573,-0.07803516002042254,0.13313219017598,-0.5307799156076303,-0.02886075949367095
2011-10-31,1.3926666666666667,1.1712500000000001,1.00375,0.024817128692149693,7.649773833485784,15.928914285714287,-0.024496196474020127,0.15905097015268171,-0.5494988175338976,-0.01987341772151885
2011-11-30,1.4853333333333334,1.21275,0.9982499999999999,0.019617391516730847,7.850207577459846,15.398271428571428,-0.039880161291382055,0.16091215702739725,-0.48219943328848175,0.022318498096363326
2011-12-31,1.3821666666666665,1.0142499999999999,0.9832500000000002,0.015217240759182663,8.014761848324394,15.0464,-0.08211593347277002,0.14916115712476113,-0.40323956052031207,0.01208734078502749
2012-01-31,1.3213333333333332,0.91225,1.034,0.01583691712664026,7.665817157165842,15.473585714285715,-0.05086503259577857,0.1573975939667379,-0.3215991270968356,0.029407903374031763
2012-02-29,1.3629999999999998,0.8950000000000001,1.0957499999999998,0.01661858734022681,7.4083608057373525,16.232414285714285,-0.02493862148676007,0.16512753338139496,-0.2994923856409805,0.018273305084745894
2012-03-31,1.4509999999999998,0.9005,1.173,0.010670727988021636,7.341516933361412,16.312028571428574,-0.002368427617954416,0.16471623720545156,-0.3009109311426729,0.027662702124816363
2012-04-30,1.288,0.89225,1.0792499999999998,0.018065637207495266,7.734822934984818,15.90232857142857,-0.054946010328422834,0.16238873739375873,-0.30193422176584706,0.04022450888681006
2012-05-31,1.1036666666666668,0.711,0.8664999999999998,0.011692027489752807,8.792638375656251,14.612857142857141,-0.11312698913273977,0.17785799054700607,-0.29946540986550185,0.07626659441885675
2012-06-30,1.2045,0.8320000000000001,0.89375,0.012785797943837015,8.176954293637321,15.22367142857143,-0.056136130541407314,0.186943086959124,-0.32310289819770655,0.07364864864864873
2012-07-31,1.1055,0.5619999999999999,0.887,0.007307877725398149,8.221428534442571,15.367999999999999,-0.015027051645752909,0.18591689630809116,-0.33113170355351174,0.08040540540540553
2012-08-31,1.133,0.523,0.9689999999999999,0.01132452088349443,7.995405038406645,15.623928571428573,0.08893840491737715,0.16535040542184756,-0.29038826901771975,0.06840259039395558
2012-09-30,1.1633333333333333,0.5235000000000001,1.05575,0.006472849720138267,7.817921769089076,15.904385714285713,0.18463058527797904,0.14788073039467528,-0.2353435098579832,0.032194994786235664
2012-10-31,1.1691666666666667,0.536,1.10425,0.013718210144517759,7.725857776959664,15.93254285714286,0.09553201984002269,0.12713790413811774,-0.2269436904239825,-0.0014206379956090975
2012-11-30,1.117,0.47025,1.069,0.01253727733038971,7.613920234148276,16.32017142857143,0.1536101282328426,0.12186350347914264,-0.27463992998026954,-0.0008989341209709734
2012-12-31,1.1816666666666669,0.47175,1.12175,0.01411378097905841,7.37829277942366,16.486785714285713,0.17814031383208317,0.12295785966604394,-0.21350520517162364,-0.013098754334146756
2013-01-31,1.3276666666666668,0.5037499999999999,1.2697500000000002,0.01283095902407986,6.866351547075518,17.151542857142857,0.1850078102329098,0.12480713033224249,-0.2791796673962659,-0.012370871062364452
2013-02-28,1.2815,0.4525,1.2177499999999999,0.011602084117451764,7.097275788985562,17.245228571428573,0.1367301169059676,0.11783354890994219,-0.2720350053520757,0.02119635890767224
2013-03-31,1.1744999999999999,0.31200000000000006,1.2365,0.011602084117451764,7.136671479196266,17.455985714285713,0.1543490762237576,0.11847691513614471,-0.30825378791884966,0.02119635890767224
2013-04-30,1.0499999999999998,0.30175,1.1190000000000002,0.009557383250372772,7.00562086293313,18.074242857142856,0.2227230428977136,0.11399267983010225,-0.2705989482274744,0.015930113052415207
2013-05-31,1.2471666666666665,0.59475,1.1707499999999997,0.011697282914674959,6.629426516263541,18.16051428571429,0.33492556885956115,0.05332745546859848,-0.22896653706919598,0.004908747640025135
2013-06-30,1.4841666666666666,1.0582500000000001,0.9742500000000001,0.011697282914674959,6.539354819956087,17.552114285714286,0.22617001965092043,0.07400035769575208,-0.10896599548546744,0.004908747640025135
2013-07-31,1.5291666666666668,0.9530000000000001,1.0394999999999999,0.017185550734741335,6.328732566326691,18.18962857142857,0.2529107172841134,0.0766164045310793,-0.07241269050371868,0.011757348342714247
2013-08-31,1.6671666666666667,1.128,1.0594999999999999,0.015379836308109093,6.23496540191737,17.8075,0.20571806375720625,0.08592431790226583,0.07346404542153771,0.02146735698951896
2013-09-30,1.5519999999999998,1.0245,1.061,0.02032002169205079,6.045012757143719,18.674157142857144,0.23668618742471303,0.09191586653313542,0.1390359015691115,0.009976007071599957
2013-10-31,1.4873333333333332,-0.008000000000000007,1.9897500000000001,0.012360572564526088,5.847520881129737,19.16647142857143,0.2781453256894142,0.09197867228922443,0.22923034145731414,0.01978789446456286
2013-11-30,1.5804999999999998,0.11424999999999998,1.95325,0.014077988001777139,5.627257756305412,19.726414285714288,0.2707485387371913,0.0919205445339528,0.1491602421777915,0.013496143958868778
2013-12-31,1.7886666666666668,0.23075,2.10675,0.014550727567924637,5.364369387796673,19.7831,0.24966838707319905,0.09159985041020785,0.18617819630781074,0.03188028627195849
2014-01-31,1.6036666666666666,0.032250000000000015,2.01825,0.014753980244442707,5.8291932815656855,18.740257142857143,0.13932261261405965,0.10162370243406386,-0.01649407077695572,0.040934917355371914
2014-02-28,1.583,0.02725000000000001,2.00975,0.013534695852636594,5.749888485712091,19.27331428571429,0.17052291423708033,0.10485460461230638,-0.04542903626598828,0.026614032853686576
2014-03-31,1.534,0.03024999999999997,2.015,0.017292003570690977,5.778990338342162,18.960585714285713,0.14762139117845718,0.10456422745808726,-0.04804201681889718,0.02393989558130638
2014-04-30,1.4395,-0.06075000000000001,2.033,0.01726269115837679,5.835987251650322,18.889242857142854,0.11541273336470015,0.10135454026282938,-0.04273634332193727,0.01049570055639859
2014-05-31,1.3475,-0.15800000000000003,2.006,0.01631178813286312,5.889135592062628,19.206157142857144,0.13300760073329432,0.10240819122567506,0.10208048365392207,0.0008767535070139942
2014-06-30,1.2695,-0.14100000000000001,2.00775,0.01791601952124733,5.810428465630977,19.375742857142857,0.18756856256701204,0.08888571895441054,0.15088640561959837,0.0030060120240480437
2014-07-31,1.1928333333333334,-0.19824999999999998,2.0055,0.017797961655223144,5.909850919873988,19.29678571428571,0.1394359719932572,0.0870649701560689,0.15722209797349831,-0.010260848065273831
2014-08-31,1.0531666666666666,-0.32325,1.9387499999999998,0.017797961655223144,5.936511676165076,19.567071428571428,0.18579287398052258,0.08051635799048121,0.16207559404346505,-0.010260848065273831
2014-09-30,1.1045,-0.203,1.8857500000000003,0.01595689591410047,5.868310815499539,19.461485714285715,0.1226352894497158,0.07367017298461766,0.18418259005705673,0.029882470617654366
2014-10-31,1.0288333333333333,-0.24975000000000003,1.8055,0.015423101998819336,5.933720088234742,19.536242857142856,0.08522894008298909,0.0679076483236348,0.1802447472319039,0.05871908687381122
2014-11-30,0.9010000000000001,-0.36249999999999993,1.7329999999999999,0.015423101998819336,5.848651161963424,20.231342857142856,0.09769720431853934,0.07102197158853876,0.19405558247556381,0.05871908687381122
2014-12-31,0.787,-0.27375000000000005,1.5445000000000002,0.010534905886668148,5.998508198101825,19.548599999999997,0.06279650241964951,0.07577781897585753,0.171285729264052,0.09255989911727625
2015-01-31,0.5905,-0.502,1.4485,0.012943458318899407,6.202337420549907,19.49594285714286,0.1080105251941974,0.05745761201682254,0.24085674633342297,0.07480461481205802
2015-02-28,0.7766666666666667,-0.47400000000000003,1.65625,0.004346636449093981,5.708312616507656,20.575585714285715,0.12819027545999062,0.06956531169991371,0.16075346317729364,0.10530885636318521
2015-03-31,0.8045,-0.6155,1.7107500000000002,0.006798635581218256,5.807046863287915,20.25361428571429,0.1260356378659988,0.06977543480915324,0.16133523336823405,0.15582638975251828
2015-04-30,0.9063333333333334,-0.64525,1.8575,0.004282490333244108,5.62794101820016,20.616014285714282,0.1419408932496693,0.07044545008708093,0.09464160504458081,0.15742710549368044
2015-05-31,0.9699999999999999,-0.4820000000000001,1.7632499999999998,0.004282490333244108,5.561293187459719,20.858757142857144,0.1239533757735729,0.0690231194934222,0.09710940799491727,0.15742710549368044
2015-06-30,1.1836666666666666,-0.33999999999999997,1.8495,0.006249096243960454,5.582163665393308,20.258999999999997,0.07496994271181001,0.08157737616483504,0.07821736474743239,0.1558441558441559
2015-07-31,0.9938333333333333,-0.36975,1.72325,0.004243421159476106,5.573661959214634,20.62115714285714,0.10160413030293802,0.08172745547207036,0.09191799496141131,0.18423682238321248
2015-08-31,0.9904999999999999,-0.21000000000000005,1.6385,0.004463269904608047,5.973118872455515,19.104428571428574,0.0005416689762733906,0.11408644950305882,0.13889793478881096,0.19572820384711465
2015-09-30,0.9443333333333334,-0.2695,1.5547499999999999,0.002741974491847802,6.224773829063209,18.25352857142857,-0.032520738596697796,0.12098017803976044,0.10361921466717662,0.1619521670511106
2015-10-31,0.9408333333333333,-0.31975,1.6295,0.0030702107376121925,5.731642784108365,19.624528571428574,0.039689903271793225,0.14461837249897463,0.10230062288610488,0.146502156205079
2015-11-30,0.9209999999999999,-0.392,1.6740000000000002,0.003785323488957678,5.763761042864688,19.720114285714285,0.013468614634404297,0.1417789644870681,0.11034616932351232,0.15680402491614753
2015-12-31,0.9366666666666666,-0.1795,1.5502500000000001,0.005596534736734789,5.736927971030329,19.553642857142858,0.0048059065064771644,0.14338937071382502,0.19460124671417134,0.11957525392428447
2016-01-31,0.8295,-0.33975,1.39425,0.005596534736734789,6.241081782038598,18.424171428571423,-0.05287798686850487,0.1549353642601408,0.16509537415036557,0.11957525392428447
2016-02-29,0.7336666666666667,-0.33649999999999997,1.20675,0.009683565597553104,6.553413417745891,17.752414285714288,-0.12499278256429647,0.14131740895696607,0.14216405857380096,0.10447761194029859
2016-03-31,0.7046666666666667,-0.53175,1.44225,0.008135631808707596,6.304528337673896,18.493214285714288,-0.08176761590299808,0.15419968833556727,0.1270120295645219,0.03464600817731878
2016-04-30,0.7966666666666667,-0.496,1.49325,0.0054040056642000915,6.193115591522981,18.598328571428574,-0.09003943446840312,0.1527081183095861,0.11476342107845056,0.039679965401665074
2016-05-31,0.7126666666666667,-0.471,1.383,0.010587212098011223,6.1392202064856685,18.832042857142856,-0.08648232320647387,0.15318466416495824,0.09676487518717139,0.036436371499621645
2016-06-30,0.559,-0.7315,1.3072499999999998,0.009645977676837466,6.536704613349559,18.330457142857142,-0.0685056482528621,0.15069447498752475,0.057893787948971036,0.04170267934312877
2016-07-31,0.45366666666666666,-0.808,1.3210000000000002,0.011779195885031235,6.350085571982352,19.020685714285715,-0.04933379866669374,0.1558884291286677,0.06212437803886229,0.016981331083218976
2016-08-31,0.502,-0.8332499999999999,1.418,0.010655455584933471,6.214072845992473,19.19834285714286,0.03831044650556481,0.13613885960856775,0.0325821956775785,0.002193669696020084
2016-09-30,0.5810000000000001,-0.9134999999999999,1.5230000000000001,0.01166277265133577,6.279194379311483,19.124371428571425,0.08210294977013377,0.12772134483590208,0.024930422089302424,0.011597534217949956
2016-10-31,0.7493333333333334,-0.7717499999999999,1.64425,0.014166535372622413,6.156887958995905,19.116728571428574,0.007062328150583053,0.10271993424898382,0.02436970737324087,0.02026956430884974
2016-11-30,0.9953333333333334,-0.5657500000000001,1.71,0.013602609263860662,5.89056098286557,19.422642857142858,0.008792782652936815,0.1027953503556132,-0.012621760202632453,0.039556798177487806
2016-12-31,0.9655,-0.6799999999999999,1.7840000000000003,0.014632312564670865,5.707797766947581,20.48887142857143,0.07732224388938391,0.10374860633145354,0.0017663518457323817,0.03494845360824739
2017-01-31,1.0423333333333333,-0.612,1.861,0.013184397856789098,5.625439655979457,20.593242857142858,0.15598960183424015,0.0766978359347161,0.006842880225788742,0.060515463917525825
2017-02-28,0.9548333333333332,-0.6235,1.7454999999999998,0.019190421402255353,5.720320223151227,21.042414285714283,0.21730301840930855,0.06659145210596998,0.06116031555004251,0.02489331436699871
2017-03-31,0.9083333333333333,-0.6025,1.7442499999999999,0.017400711092605808,5.768846678150603,21.07234285714286,0.178866943948915,0.05473762949872562,0.05017425108509504,0.0373336106489186
2017-04-30,0.8771666666666667,-0.6779999999999999,1.733,0.017400711092605808,5.779148965666656,21.354842857142852,0.18158707772795446,0.05468210697713948,0.0720815863814487,0.0373336106489186
2017-05-31,0.8243333333333333,-0.6585,1.6667500000000002,0.016763028117481166,5.747044356199455,21.731942857142858,0.1966035578162002,0.05568034134517246,0.08648520076674795,0.023471729605675007
2017-06-30,0.8373333333333334,-0.51325,1.629,0.015036930925216518,5.639017633129936,21.678942857142854,0.20998277862796533,0.05006838252176679,0.004909970651598576,0.000414851690520468
2017-07-31,0.8643333333333333,-0.5335,1.636,0.014307590373320097,5.594463556141165,21.957314285714286,0.18330531398840577,0.04221018163581853,-0.017216263738743333,-0.01825347438290814
2017-08-31,0.7728333333333334,-0.6680000000000001,1.62375,0.016496776775564975,5.8028904652758895,21.846514285714285,0.17058795705064878,0.04416816967485624,-0.09134669501455121,-0.025328330206378924
2017-09-30,0.8288333333333333,-0.57625,1.70375,0.014133428363095798,5.562590163279465,22.29982857142857,0.19553850871127976,0.042627338503754005,-0.08347218902148115,-0.03418715141499673
2017-10-31,0.8453333333333334,-0.63225,1.76675,0.01568554253739048,5.439842779383371,22.998214285714287,0.2286097723186975,0.04246461663411176,-0.1565071874711292,-0.02734254992319507
2017-11-30,0.7705000000000001,-0.6337500000000001,1.74925,0.016553246253860565,5.455981479231802,23.256128571428572,0.22989186067413558,0.04217098768671357,-0.154103478227617,-0.053391772088853484
2017-12-31,0.7655,-0.71675,1.8240000000000003,0.016553246253860565,5.4810600901402795,23.454685714285713,0.2020378330124344,0.03554431332772383,-0.2776208160653017,-0.053391772088853484
2018-01-31,0.8523333333333335,-0.5500000000000002,1.86725,0.018640825906902192,5.1881632754699165,24.397014285714285,0.2248841130023349,0.03823139194012532,-0.09089844651784673,-0.09536307961504809
2018-02-28,0.8676666666666667,-0.50975,1.8432499999999998,0.018803901748027447,5.595174339121941,23.31641428571429,0.14185623067834507,0.0687035877656227,0.08436603951945336,-0.0851591156934669
2018-03-31,0.7210000000000001,-0.6345000000000001,1.8495,0.015885877153302325,5.938258343648043,22.4737,0.09971765616249306,0.07442065991660103,-0.019431788391218344,-0.07488721804511278
2018-04-30,0.7425,-0.5755000000000001,1.8787500000000001,0.02129342069893318,5.739165070773673,23.0759,0.11801728498596176,0.07770202181387072,-0.049901785806036214,-0.07248120300751881
2018-05-31,0.681,-0.64225,1.8415,0.019748538352459783,5.926483065438298,22.82231428571428,0.08172396642128521,0.07761558335641108,-0.06414814208451235,-0.023443074100499395
2018-06-30,0.6353333333333334,-0.6452500000000001,1.85525,0.018852759700280997,5.984297274883788,22.833214285714288,0.08312999698829238,0.07743812058067685,0.07543790505217754,-0.006738544474393482
2018-07-31,0.6511666666666667,-0.573,1.84425,0.022332631225712458,5.757968946847037,23.535385714285717,0.09752531850114976,0.08069520220931291,0.0007274373418905965,0.01890978237904095
2018-08-31,0.6445,-0.5907499999999999,1.8600000000000003,0.023476568718672985,5.86965755650838,23.437714285714286,0.08691379661395082,0.0821603723135194,-0.028888989830078392,0.030050262004063688
2018-09-30,0.7121666666666666,-0.5225,1.91475,0.023476568718672985,5.691516228155833,23.788957142857146,0.07815038752806713,0.08095245515961266,-0.027950179096440906,0.030050262004063688
2018-10-31,0.71,-0.49025,1.8550000000000002,0.023142282480362136,6.11061201330535,22.2456,-0.01796132423671537,0.10155266335504923,-0.017926784140594714,0.019372499473573335
2018-11-30,0.6333333333333334,-0.52875,1.811,0.02098462539631422,6.071493160977819,22.456999999999997,-0.01492206719430611,0.10187456421356353,-0.03135040781202998,0.034831105966536935
2018-12-31,0.5835,-0.4787499999999999,1.6475,0.02070611026884665,6.6071650302461,20.260457142857142,-0.09175455059511073,0.11809751097034331,-0.2604563012384175,0.03167420814479649
2019-01-31,0.5396666666666666,-0.5705,1.6724999999999999,0.015493843145608125,6.215663899290852,21.19494285714286,-0.06349825324201441,0.1328136969556856,-0.11133589467721422,0.04137115839243499
2019-02-28,0.545,-0.52925,1.6705,0.015387366198422922,6.078873077509162,21.81841428571429,0.006740547365266192,0.13021181027366846,-0.17489877675504817,0.052990897269180826
2019-03-31,0.42783333333333345,-0.7415,1.65225,0.015387366198422922,6.233974061552746,21.54727142857143,0.04287185811552696,0.128991621907693,-0.10353115554547551,0.052990897269180826
2019-04-30,0.4235,-0.68825,1.69225,0.018861088136675974,5.971922841198794,22.2619,0.0502434288085567,0.13083074005529982,-0.12161708586144757,0.05804150453955903
2019-05-31,0.3383333333333334,-0.8125,1.5942500000000002,0.016770326227722343,6.499648585690848,20.950242857142857,0.003004267253685411,0.14273700574808315,-0.25560904494069875,0.029537626552551988
2019-06-30,0.29583333333333334,-0.85875,1.52775,0.016770326227722343,6.261532490720226,21.979585714285715,0.05880830827426897,0.15185158557752026,-0.16108907119454235,0.029537626552551988
2019-07-31,0.20616666666666664,-1.0105,1.5827499999999999,0.014049972161186678,6.344848489601956,22.054271428571433,0.03249711612028294,0.1492006289162031,-0.15420455391054252,0.01586314152410573
2019-08-31,0.10550000000000004,-1.1624999999999999,1.4887499999999998,0.011653618175330135,6.706394295984258,21.550685714285713,0.015148628145984944,0.1515776503963774,-0.22264802711488985,0.017234219269103068
2019-09-30,0.13816666666666663,-1.0867499999999999,1.5034999999999998,0.013426881196166307,6.39365341633722,22.116871428571432,0.031354221558975715,0.1537748918152784,-0.24139825870368808,0.03187292358803995
2019-10-31,0.2026666666666667,-0.9477499999999999,1.4705,0.010405319128849603,6.1512727713355915,22.658457142857145,0.12292634978210426,0.13671535650585312,-0.26744967820674553,0.020450320181780723
2019-11-30,0.2073333333333333,-0.90875,1.49675,0.01152004680923365,5.984325756457371,23.18585714285714,0.13566063416663576,0.13717447485294576,-0.2719078771706491,0.004677648972950976
2019-12-31,0.3235,-0.853,1.5650000000000002,0.013646100577106949,5.785729219172585,23.265042857142856,0.24912031449506,0.11000710244723629,-0.2909061050684127,-0.003467972256221974
2020-01-31,0.13366666666666668,-1.03725,1.4849999999999999,0.015693366137455422,6.146249723331885,22.816499999999998,0.15337785525847236,0.10488088659610219,-0.2917904366569824,0.00691363120421018
2020-02-29,0.10583333333333333,-1.0735000000000001,1.3615,0.011535306151695698,6.862301628463261,21.002285714285712,0.030859557826924178,0.1371669384301154,-0.37579896294899384,0.00421940928270037
2020-03-31,0.1958333333333334,-0.825,1.08325,0.013217981131246614,7.118024105129327,18.323785714285716,-0.10749972488122739,0.18324374194574317,0.10824604649817549,0.062056190182155024
2020-04-30,0.11900000000000004,-0.90225,1.085,0.0034008777517571622,6.287690096260873,19.6744,-0.07433977066636344,0.1973779798940327,0.20421259548316764,0.07886403105526618
2020-05-31,0.12216666666666669,-0.987,1.178,0.002462934902197067,5.971034518400486,20.399371428571424,0.018158676842553012,0.1949497870774917,0.19677327422082166,0.07066098945660992
2020-06-30,0.14850000000000002,-1.091,1.2775,0.003813659697814664,5.863426910836855,21.16998571428571,0.00011186076643965315,0.1905420119569284,0.1994130371801748,0.02939983779399835
2020-07-31,0.09783333333333337,-1.274,1.38925,0.0060684108512012265,5.976960956569941,21.54264285714286,0.009126803036960451,0.19099589515231585,0.222777058779174,0.03245560318432328
2020-08-31,0.23216666666666672,-1.2755,1.5185,0.00510462154292594,5.7744249949709126,22.443142857142856,0.07797017911846682,0.1921737016008887,0.18183414603131828,0.015921616656460635
2020-09-30,0.3468333333333334,-1.2167499999999998,1.3885,0.004697237825795157,5.867579798733984,22.184385714285717,0.029690892311992068,0.19190662043497334,0.1885709346901627,-0.0036220947781466784
2020-10-31,0.37733333333333335,-1.2285,1.4375000000000002,0.004011920094943351,6.1065507304590065,21.42321428571429,-0.024218134978645445,0.19404664242792502,0.16823491507946667,0.0023279352226721617
2020-11-30,0.38549999999999995,-1.29675,1.5097500000000001,0.0020107867056193274,5.62348355175788,24.051342857142856,0.07545837586385407,0.23152733789876342,0.14748378154660766,-0.02317813765182175
2020-12-31,0.4171666666666667,-1.3535,1.5525,0.0028802857268320583,5.542041189307494,25.18827142857143,0.08483386087059186,0.23258404074427924,0.19048062935952056,-0.03336745138178099
2021-01-31,0.48200000000000004,-1.36975,1.6615000000000002,0.005349774351097791,5.547736484774394,25.073757142857144,0.10263481280029052,0.23104880035677355,0.18483440361007195,-0.03217872514859599
2021-02-28,0.717,-1.1159999999999999,1.7105000000000001,0.008142082619998084,5.435761685241185,25.717542857142863,0.22592357961318843,0.2092875080742484,0.16487980380872816,-0.034945685591309616
2021-03-31,0.769,-1.21675,1.87575,0.012997833948068896,5.473024659153481,26.289514285714287,0.445248978513765,0.14432847072020302,0.1540245270507708,-0.06211240310077515
2021-04-30,0.7988333333333332,-1.21875,1.8995,0.018065528342803745,5.549463722172669,26.850600000000004,0.3769629531360772,0.13581776630022138,0.15731652766916737,-0.08995360287851528
2021-05-31,0.798,-1.307,1.9689999999999999,0.020856224080554802,5.631457323805036,27.137842857142857,0.3430893288145085,0.13533577156894952,0.22162152617756223,-0.0956348830603162
2021-06-30,0.669,-1.3165,1.90875,0.023477054842230893,5.695421542402937,27.393,0.3169071645940855,0.13536625836428196,0.1960689219649367,-0.04874926137482771
2021-07-31,0.5446666666666666,-1.50025,1.9267500000000002,0.021153022731851656,6.072641084659983,27.346842857142857,0.28701782596692293,0.1389064812794522,0.17984494876059098,-0.04517595887702641
2021-08-31,0.575,-1.4505,1.9552500000000002,0.02784112961917447,5.939909633377396,27.917585714285714,0.26818073157676636,0.13741390572632894,0.2626040353554311,-0.013060076351215755
2021-09-30,0.6971666666666666,-1.409,2.09325,0.03143384174131877,5.984545840190809,27.276257142857144,0.2578726629050201,0.13996531568208134,0.30869113998818987,-0.007977380591739913
2021-10-31,0.6111666666666667,-1.47275,2.21225,0.03143384174131877,5.857172290207456,28.220385714285715,0.34257925598553873,0.12814764855707966,0.30613421741213953,-0.007977380591739913
2021-11-30,0.5305000000000001,-1.6402500000000002,2.22125,0.04356100982782104,6.1957012733881855,27.617857142857144,0.16384722717525757,0.0774325944828425,0.27113565177471605,0.042793492902289954
2021-12-31,0.49333333333333335,-1.5310000000000001,2.219,0.04543830756518822,5.930571316514462,28.24767142857143,0.17035261988801453,0.07966996743587035,0.25599886461278476,0.07327403642524355
2022-01-31,0.49033333333333334,-1.3775,2.2984999999999998,0.046048334877727526,5.874419765142483,26.830885714285717,0.13110634753817685,0.09294940846016354,0.3698276020185649,0.07073274036425259
2022-02-28,0.5073333333333333,-1.4605,2.469,0.051304897305550844,6.09187686153772,26.20527142857143,0.077250176815721,0.09832928332481022,0.5219143721872748,0.0761388977381332
2022-03-31,0.4295,-1.38125,2.669,0.05521856880077206,5.805273152824166,26.416885714285712,0.05907714833352529,0.09384596629268929,0.23866981792186037,0.06415952061163344
2022-04-30,0.5545,-1.21675,2.8495,0.05093241380948873,5.7633533518414515,25.275742857142856,-0.006778894819615244,0.09996334169754356,0.2637103475487436,0.07168869004265943
2022-05-31,0.6081666666666666,-0.894,2.60125,0.06580761089409237,5.6434042533590585,25.2127,-0.022196202706884605,0.09838491458315174,0.25052686456735995,0.11098314312637414
2022-06-30,0.5495,-0.46525,2.3135000000000003,0.06915540170026069,5.8800387532091065,23.40232857142857,-0.10276121583924969,0.11730018659640208,0.3140053203394478,0.11098457397246086
2022-07-31,0.31349999999999995,-0.92625,2.4459999999999997,0.06915540170026069,6.012700622163043,24.70787142857143,-0.04761247983052419,0.13247365714594833,0.3850118041696356,0.11098457397246086
2022-08-31,0.17799999999999996,-0.4935,2.58725,0.07105034099145176,5.606691211436595,24.02577142857143,-0.0923930888283978,0.12951368743269892,0.42256496693054457,0.10474348534201972
2022-09-30,0.22849999999999995,0.34950000000000003,2.37225,0.07300727067094141,5.504167159062812,22.115414285714284,-0.14046724868033345,0.14608570351392777,0.527321631431067,0.1292752442996743
2022-10-31,0.20483333333333328,0.20525,2.4175000000000004,0.08304730140557011,5.248655720305832,23.495128571428573,-0.12507292668156234,0.15326342158567466,0.5610249847230099,0.1393526058631922
2022-11-30,-0.08616666666666672,-0.05774999999999997,2.41375,0.07409498608415925,4.952251749789182,24.920685714285717,-0.04173732284930454,0.17132888933413692,0.6425901534451846,0.07392686804451509
2022-12-31,0.0883333333333333,0.4825,2.289,0.0692132385728832,4.850543468881918,22.794857142857143,-0.11779737112818789,0.16688872801356217,0.6534742216525183,0.06629834254143652
2023-01-31,-0.07300000000000012,0.3535,2.169,0.07177420615636798,4.71291125630379,23.960742857142858,-0.025397151846741628,0.17929893649209525,0.6929418768768412,0.026602056962025333
2023-02-28,-0.05583333333333331,0.5610972222222221,2.281902777777778,0.0686465287387384,4.6892592682430125,23.722371428571428,-0.012601293361181765,0.17784142061587094,0.7118433046631545,0.02595223998421159
2023-03-31,-0.04916666666666655,0.2618472222222221,2.264152777777778,0.06345237385832207,4.897537732549802,23.786042857142856,-0.012288719601474485,0.17788037353205075,0.7133032388758604,0.010873786407767039
2023-04-30,-0.07900000000000004,0.38509722222222226,2.220902777777778,0.06345237385832207,4.713122440362882,24.309042857142856,0.047622619787678344,0.17376174889225193,0.7160313972528628,0.010873786407767039
2023-05-31,-0.12233333333333346,0.4760972222222222,2.3021527777777777,0.0558894806577076,4.6698166128287815,24.153285714285715,0.041313344033741206,0.1740427913847249,0.7093054325259256,-0.029874658373386098
2023-06-30,-0.4583333333333335,0.4838472222222222,2.4059027777777775,0.05125908687661177,4.308941378315744,25.291928571428567,0.16720151209907153,0.15767880569803489,0.697949597195467,-0.04519616065604337
2023-07-31,-0.3166666666666665,0.50925,2.46725,0.05149179477713243,4.126980167158118,25.769842857142855,0.13548124993711697,0.15244083245436998,0.7265054666367278,-0.05889479079302962
2023-08-31,-0.3155,0.6355000000000001,2.3897500000000003,0.04604552954959251,4.208714976977012,25.109528571428573,0.12852258595611943,0.15399524896381608,0.706009163817979,-0.056021376577904736
2023-09-30,-0.11649999999999995,0.834,2.45925,0.03911585339146643,4.128382837833273,24.389028571428565,0.19494176319667877,0.12789187298212876,0.7104039934753822,-0.07652785289345587
2023-10-31,0.02049999999999974,0.9742500000000001,2.48025,0.03539240843254832,4.186005008536783,23.63471428571429,0.0980934686599848,0.1301197255562707,0.7000089450700977,-0.055213079603323556
2023-11-30,-0.18399999999999997,0.7074999999999999,2.3415,0.03311163706939032,4.130349325901952,25.337542857142857,0.1002323639674092,0.13119057615539845,0.7694163325358362,-0.04283863804589194
2023-12-31,-0.22800000000000012,0.41075000000000006,2.237,0.03311163706939032,4.3067376705025175,25.462928571428574,0.1826940484142241,0.1221207289922917,0.7894348759604564,-0.04283863804589194
2024-01-31,-0.04416666666666663,0.47575,2.3,0.03160379929334478,4.186744033738161,25.776000000000003,0.12667260058878949,0.10922718269842682,0.7847534072211104,-0.018013678836335645
2024-02-29,-0.08333333333333331,0.6265,2.366,0.03131891362882063,3.8818440882815994,26.803142857142852,0.18795735835164384,0.11005599907930448,0.7599475681478026,-0.009521977493507694
2024-03-31,-0.10716666666666673,0.51725,2.4002499999999998,0.025878707831344605,3.8418815940956144,27.3443,0.20763933093916886,0.1121854693965602,0.8029661862602598,-0.010948905109489093
2024-04-30,-0.055833333333333145,0.7337499999999999,2.5065,0.03457221069943687,3.691330479981548,26.585842857142865,0.15871589750739057,0.1180055001761335,0.7953384991177822,0.0
2024-05-31,-0.037333333333333364,0.75,2.5065,0.02663889393171437,3.5987518516126,27.328542857142853,0.2008445338836522,0.1173476079933692,0.7933147853640128,0.009908684670681955
2024-06-30,-0.023166666666666707,0.80175,2.42925,0.023949337498871775,3.633107098092578,27.800328571428572,0.16689358985551017,0.11344924885050699,0.7857439214497198,0.014639859457349136
2024-07-31,0.03633333333333336,0.6695,2.34825,0.02660081251265915,3.82600798584279,28.070342857142858,0.1504162483050453,0.11283944210826002,0.7575839650230345,0.04436082780473316
2024-08-31,0.08149999999999995,0.721,2.2394999999999996,0.024341519075786817,3.8292521123234486,28.315942857142854,0.19931648047086648,0.1039270640128949,0.7580793261675973,0.029477794045875916
2024-09-30,0.14649999999999996,0.67675,2.2145,0.024426890884423697,3.860220664489078,28.354042857142854,0.23751510301220202,0.09614507168114102,0.6778295495320849,0.023523670082967296
2024-10-31,0.16716666666666655,0.8835,2.3187499999999996,0.0224812475631971,3.7119033757672413,27.928828571428568,0.2584308704434539,0.08751764892196316,0.7317364125638722,0.005106382978723456
2024-11-30,0.14850000000000008,0.7827500000000001,2.306,0.02324493513398662,3.8097657918512526,28.339428571428574,0.1859613196552814,0.0672740482284416,0.6898142909347159,0.027452875785403563
2024-12-31,0.33233333333333315,1.0190000000000001,2.34,0.02686518948272402,3.6261322846419293,27.252428571428574,0.1458595377252232,0.06582083645933685,0.6455534192997134,0.060802319961333895
2025-01-31,0.37233333333333346,0.93425,2.4482500000000003,0.02642371528558603,3.423609510231528,28.034485714285715,0.1782772677528719,0.07303717233405109,0.5631274602653643,0.0965273690406121
2025-02-28,0.4174999999999999,0.9189999999999999,2.3845,0.026739111631020534,3.5879120246860308,27.837657142857143,0.13354763214844656,0.06751580158785873,0.5257803988835408,0.07719945620508839
2025-03-31,0.5578333333333333,1.053,2.40325,0.0277520041688543,3.731865444245586,26.50007142857143,0.06108882340433586,0.07182221265370405,0.5511559220175088,0.058166634297921904
2025-04-30,0.6283333333333333,1.014,2.258,0.024992505634355844,3.778925045813055,26.327771428571427,0.08130655050094582,0.0666722926181034,0.5259882233399453,0.020457164809834838
2025-05-31,0.613,1.1215,2.30625,0.022998199224795995,3.4554050449545564,27.425714285714285,0.0972158612876497,0.07390614531684589,0.49057912795533654,0.022027702962678086
2025-06-30,0.6301666666666667,1.10575,2.25325,0.027060887386425536,3.3947034272450183,28.315314285714287,0.11106158533589228,0.07609944784736057,0.5228825241877173,-0.010773374374759448
2025-07-31,0.6333333333333332,1.185,2.27775,0.026721412779740605,3.3011197436488744,28.687428571428573,0.11731604273548868,0.0763873910562606,0.527897350247943,-0.03204702759078404
2025-08-31,0.6923333333333336,1.23775,2.27875,0.026721412779740605,3.238669109428572,29.296457142857147,0.12616142881415637,0.07722319317406577,0.5404462618363357,-0.03204702759078404
2025-09-30,0.6291666666666667,1.23075,2.27725,0.027381201588410065,3.1187937397826855,30.295757142857145,0.15464281310250327,0.08115561196627039,0.4871332403098389,-0.022696929238985253
2025-10-31,0.5854999999999999,1.1745,2.21975,0.025469531415596897,3.051233601202586,31.775485714285715,0.23009511406686056,0.08095788337683194,0.4719839228140921,-0.03189387524696585
2025-11-30,0.6051666666666667,1.1800000000000002,2.239,0.025469531415596897,3.088525019281225,31.804200000000005,0.2177754764234472,0.0826824756403754,0.3257813314064508,-0.03189387524696585
2025-12-31,0.6883333333333331,1.3195,2.25,0.023515142952014994,2.947969635981411,30.725585714285717,0.24104199322864894,0.08013487972378268,0.270255345281498,-0.06797885912155999
2026-01-31,0.7381666666666667,1.2097499999999999,2.3995,0.022404091723681296,2.874879514229763,31.493314285714284,0.22988614188216538,0.07748393142329611,0.27907131349513403,-0.08498837001252457
2026-02-28,0.6278333333333331,1.1472499999999999,2.23075,0.01676673399698342,2.947938091130663,32.88657142857143,0.28498828195312864,0.08027977279715205,0.3978013907651603,-0.0812223924997747
2026-03-31,0.5136666666666667,1.344,2.484,0.02546869662351403,3.3305973537439506,29.26452857142857,0.2103492127630464,0.12595495817876834,0.5624343221008162,-0.052858584931632646
2026-04-30,0.5249999999999999,1.3129999999999997,2.5875,0.02185853219369534,3.1037339528679238,31.835357142857138,0.32325467439669153,0.14381554462223767,0.43411972209416866,-0.028611764705882448
2026-05-31,0.5538333333333334,1.36125,2.505,0.025366610310802562,2.904298797805833,33.60705714285714,0.3362712537440107,0.14582659097798564,0.43055727065474475,-0.03275294117647065
2026-06-30,0.5083333333333334,1.5345,2.355,0.023997272263447722,2.882849342234112,34.06741428571429,0.3258804432228115,0.14596087673402586,0.4456287760042812,0.0008751458576430338
2026-07-31,0.5711666666666667,1.716,2.4314999999999998,0.020655068960719187,2.8360912112604595,33.72548571428572,0.29519974153205397,0.14938597375084983,0.5178187556152546,0.018415123910275222
