date,CHF3M,EUR3M,GBP3M,JPY3M,NOK3M,USD3M,CAD3M,HKD3M
1995-01-31,0.04,0.0624089,0.0663579,0.023125,0.0576,0.06483,0.0825,
1995-02-28,0.03875,0.0612746999999999,0.0680407,0.022813,0.0546,0.06426,0.078125,
1995-03-16,0.036875,0.0650013,0.06764805,0.02125,0.05425,0.0639199999999999,0.08125,
1995-03-31,0.035,0.0687279,0.0672553999999999,0.0175,0.0538999999999999,0.06358,0.0825,0.061875
1995-04-28,0.035,0.0638672,0.067487,0.014063,0.0536,0.06348,0.07875,0.065313
1995-05-31,0.033125,0.0625428,0.0677789999999999,0.011563,0.0567,0.06289,0.07375,0.06125
1995-06-15,0.03225,0.0622852499999999,0.0674637,0.011875,0.0573,0.0617249999999999,0.06875,0.057187999999999996
1995-06-30,0.03125,0.0620277,0.0671484,0.012188,0.0579,0.0605599999999999,0.06875,0.059063
1995-07-31,0.028125,0.0608835999999999,0.0687686,0.008125,0.0562,0.0606499999999999,0.068125,0.0575
1995-08-31,0.029438,0.0585954999999999,0.0687571,0.008438,0.0533999999999999,0.05933,0.064375,0.061875
1995-09-14,0.029375,0.0572711499999999,0.0683555,0.005625,0.0535,0.05916,0.070625,0.061563
1995-09-29,0.025,0.0559468,0.0679539,0.005625,0.0536,0.0589899999999999,0.065,0.060938
1995-10-31,0.021563,0.0578605,0.0681783,0.0075,0.0533999999999999,0.0599699999999999,0.064375,0.059063
1995-11-30,0.02125,0.0554279,0.0672088,0.00625,0.0521999999999999,0.05975,0.059375,0.059688
1995-12-14,0.020625,0.05441625,0.0663511,0.005625,0.0532499999999999,0.0576999999999999,0.06125,0.059063
1995-12-29,0.018125,0.0534046,0.0654934,0.00625,0.0542999999999999,0.05565,0.05625,0.058438
1996-01-31,0.017813,0.0487979,0.0644194,0.006875,0.0548,0.05537,0.0525,0.055938
1996-02-29,0.016875,0.046929,0.0624554,0.008438,0.0526,0.05516,0.053125,0.051563
1996-03-14,0.018125,0.0468071499999999,0.0619271,0.006875,0.0509,0.0557199999999999,0.05375,0.054688
1996-03-29,0.018125,0.0466853,0.0613987999999999,0.006875,0.0492,0.05628,0.05125,0.053438
1996-04-30,0.01875,0.0466853,0.0608224,0.007188,0.047,0.05642,0.04875,0.0525
1996-05-31,0.025,0.0436960999999999,0.0611756,0.005938,0.0471,0.0567,0.048125,0.053438
1996-06-20,0.026875,0.04418205,0.06026165,0.00625,0.0474,0.056575,0.04875,0.055313
1996-06-28,0.027188,0.044668,0.0593477,0.005938,0.0475999999999999,0.0564499999999999,0.048125,0.055938
1996-07-31,0.025625,0.0446229999999999,0.0582167,0.0075,0.0475999999999999,0.05794,0.04625,0.055625
1996-08-30,0.021875,0.0441909,0.0583817,0.005625,0.0504999999999999,0.05769,0.041875,0.055313
1996-09-19,0.018125,0.04348215,0.0585091,0.005625,0.0496,0.0564449999999999,0.040625,0.055938
1996-09-30,0.01625,0.0427733999999999,0.0586365,0.005625,0.04985,0.05525,0.040625,0.055313
1996-10-31,0.01875,0.0418105,0.0601952999999999,0.005625,0.0486,0.0542999999999999,0.03375,0.05465
1996-11-29,0.020625,0.0419252,0.0643,0.005313,0.0414,0.055313,0.029375,0.056799999999999996
1996-12-19,0.02125,0.04191085,0.066563,0.0051249999999999,0.0397,0.057556,0.0325,0.0556
1996-12-31,0.0195,0.0418965,0.0662,0.0051559999999999,0.0375,0.0562999999999999,0.03125,0.0556
1997-01-31,0.017313,0.0411700999999999,0.062344,0.0054,0.0347,0.055,0.031875,0.05525
1997-02-28,0.018125,0.0415098,0.0617189999999999,0.0051249999999999,0.03455,0.054375,0.031875,0.055313
1997-03-20,0.018475,0.0420470499999999,0.063125,0.0055,0.03405,0.055938,0.0325,0.057187999999999996
1997-03-31,0.019375,0.0425843,0.063125,0.005413,0.03325,0.056875,0.033125,0.057812999999999996
1997-04-30,0.017969,0.0419585,0.064688,0.00565,0.0329879999999999,0.0575,0.034375,0.059063
1997-05-30,0.012781,0.0417323999999999,0.065625,0.00545,0.03395,0.0575,0.033125,0.065313
1997-06-19,0.013875,0.04174885,0.066875,0.006,0.03405,0.056875,0.0325,0.064063
1997-06-30,0.013875,0.0417653,0.068438,0.00625,0.03585,0.056875,0.035,0.060938
1997-07-31,0.016094,0.0405,0.070625,0.00645,0.0397,0.056406,0.03625,0.068438
1997-08-29,0.014532,0.0421,0.0725,0.00545,0.0399,0.056738,0.03625,0.0728
1997-09-18,0.01495,0.0418,0.072188,0.0049,0.0399,0.055938,0.0356999999999999,0.074688
1997-09-30,0.0143,0.0415,0.0725,0.00535,0.0399,0.056875,0.0361,0.074688
1997-10-31,0.020625,0.0441,0.072813,0.005075,0.0399,0.056875,0.0382,0.076875
1997-11-28,0.01875,0.0438999999999999,0.0765629999999999,0.008844,0.0399,0.058438,0.0382,0.09625
1997-12-18,0.016875,0.0434,0.07625,0.010313,0.0399,0.0584499999999999,0.0419,0.089375
1997-12-31,0.0159,0.0429,0.075625,0.011875,0.0399,0.057031,0.0419,0.093125
1998-01-30,0.0125,0.0414,0.074375,0.011094,0.0399,0.055625,0.0455,0.093125
1998-02-27,0.0103,0.0417,0.074688,0.010625,0.0399,0.056094,0.0486,0.07125
1998-03-19,0.0121,0.04195,0.074688,0.0068,0.0399,0.056019,0.0486,0.064375
1998-03-31,0.015,0.0421999999999999,0.075313,0.006744,0.0399,0.05625,0.048,0.065625
1998-04-30,0.01435,0.0416,0.074063,0.0053,0.0399,0.05625,0.0499,0.064375
1998-05-29,0.0171869999999999,0.0411,0.074063,0.00615,0.0399,0.056325,0.0495,0.088125
1998-06-18,0.019062,0.0408,0.0771879999999999,0.00545,0.0399,0.0559999999999999,0.0492,0.09375
1998-06-30,0.0207,0.0405,0.077813,0.008375,0.0399,0.05625,0.0495,0.089375
1998-07-31,0.019215,0.0405,0.076875,0.00785,0.05355,0.0561749999999999,0.050938,0.090938
1998-08-31,0.0168,0.0405,0.075625,0.0081,0.0834999999999999,0.055469,0.05875,0.08800000000000001
1998-09-17,0.0147,0.0404,0.073438,0.00625,0.0834999999999999,0.0542189999999999,0.055313,0.09125
1998-09-30,0.01385,0.0403,0.072813,0.006563,0.0834999999999999,0.052656,0.054025,0.081875
1998-10-30,0.0128,0.0392,0.07125,0.007813,0.0834999999999999,0.051563,0.05125,0.065625
1998-11-30,0.0166,0.0375,0.067813,0.007188,0.0834999999999999,0.052656,0.05,0.060938
1998-12-17,0.015,0.032188,0.06375,0.004688,0.0822499999999999,0.052031,0.0490629999999999,0.055938
1998-12-31,0.0139999999999999,0.03215,0.06625,0.007813,0.08375,0.050313,0.049375,0.053125
1999-01-29,0.012065,0.0302999999999999,0.0571879999999999,0.0075,0.07325,0.04884,0.04875,0.0644
1999-02-26,0.012415,0.03089,0.0542999999999999,0.003719,0.07325,0.04929,0.050356,0.0605
1999-03-18,0.012315,0.03,0.05295,0.001406,0.06825,0.04945,0.050469,0.055313
1999-03-31,0.011365,0.0294499999999999,0.052188,0.0017,0.06675,0.0491,0.04825,0.055338000000000005
1999-04-30,0.009315,0.02524,0.0525,0.001594,0.0672499999999999,0.048665,0.046563,0.05125
1999-05-31,0.009635,0.02545,0.0525,0.000475,0.06675,0.0501999999999999,0.047188,0.054063
1999-06-17,0.00971,0.0254,0.050313,0.000575,0.06575,0.050815,0.0475,0.056563
1999-06-30,0.011665,0.0263,0.050625,0.00112,0.06375,0.05315,0.048125,0.0581
1999-07-30,0.010865,0.02685,0.0515,0.000675,0.06375,0.05315,0.04885,0.0625
1999-08-31,0.0102,0.0266999999999999,0.0515,0.0007,0.059,0.054538,0.04875,0.065
1999-09-16,0.011165,0.0269499999999999,0.0536,0.00049,0.05975,0.05455,0.047963,0.061563
1999-09-30,0.011875,0.0288499999999999,0.0545,0.00024,0.0625,0.0591,0.05,0.062188
1999-10-29,0.0197,0.031,0.0586,0.0025,0.06375,0.0587899999999999,0.05125,0.0659
1999-11-30,0.01664,0.0341,0.0592,0.00395,0.05925,0.05889,0.05125,0.060599999999999994
1999-12-16,0.0202,0.0332,0.0595,0.00275,0.0595,0.0608999999999999,0.051,0.0587
1999-12-31,0.0185,0.03335,0.0595,0.001,0.05875,0.0603,0.0525,0.060625
2000-01-31,0.0212,0.0347,0.0608999999999999,0.00085,0.05925,0.0605,0.0527,0.05875
2000-02-29,0.0236,0.03595,0.0613,0.0008,0.05925,0.0602,0.051875,0.060938
2000-03-16,0.0246,0.0368,0.0613,0.0011,0.059,0.061875,0.052975,0.05945
2000-03-31,0.0279999999999999,0.03775,0.0616,0.00075,0.06175,0.063,0.0541,0.059375
2000-04-28,0.0315,0.0408,0.062763,0.000757,0.0637,0.065,0.0567999999999999,0.066563
2000-05-31,0.031,0.0441,0.0616,0.00065,0.06525,0.0681,0.058281,0.069688
2000-06-15,0.032,0.0441999999999999,0.061,0.000757,0.06625,0.0676,0.058281,0.06655
2000-06-30,0.0335,0.0452,0.0611,0.0020499999999999,0.0692499999999999,0.0675,0.058438,0.06483799999999999
2000-07-31,0.034,0.046,0.0613,0.0017499999999999,0.0691,0.066875,0.0583,0.061563
2000-08-31,0.0343,0.0481,0.0613999999999999,0.00385,0.07125,0.06625,0.0579999999999999,0.06255
2000-09-14,0.0338,0.0478,0.061,0.00345,0.07325,0.065938,0.0578129999999999,0.0625
2000-09-29,0.03465,0.0499,0.0608,0.005313,0.07425,0.0674,0.0578129999999999,0.063438
2000-10-31,0.0345,0.0512,0.060625,0.0049,0.07475,0.06695,0.0578129999999999,0.05934999999999999
2000-11-30,0.0341,0.04915,0.059531,0.0055,0.07425,0.06625,0.058281,0.059219
2000-12-14,0.0334,0.04865,0.0591,0.00685,0.07325,0.064844,0.0571,0.059844
2000-12-29,0.0333,0.04815,0.05905,0.005,0.07425,0.062969,0.056531,0.057812999999999996
2001-01-31,0.0338,0.0471,0.056825,0.00415,0.07375,0.0535,0.053125,0.051875
2001-02-28,0.034,0.0474,0.055938,0.0027,0.07375,0.050625,0.05,0.048438
2001-03-15,0.0337,0.0471,0.054063,0.0017499999999999,0.07375,0.048906,0.047344,0.049062999999999996
2001-03-30,0.0335499999999999,0.0452,0.054688,0.00085,0.0729,0.048125,0.04675,0.049062999999999996
2001-04-30,0.0314,0.04785,0.0525,0.0006,0.07425,0.042813,0.044663,0.042249999999999996
2001-05-31,0.0315,0.0446,0.051875,0.00025,0.07375,0.039219,0.0445,0.038281
2001-06-14,0.0317,0.04415,0.052088,0.00035,0.0726,0.0381499999999999,0.044,0.038125
2001-06-29,0.0316,0.0441999999999999,0.0524,0.0005,0.0733,0.0379,0.043906,0.036563
2001-07-31,0.03085,0.0434499999999999,0.05175,0.0006,0.07375,0.0355,0.0412,0.035938
2001-08-31,0.0304,0.04195,0.0489,0.00035,0.07225,0.0339,0.039063,0.032969
2001-09-20,0.02625,0.03645,0.045,0.0003,0.07125,0.02535,0.032969,0.025338
2001-09-28,0.02205,0.0358,0.0447,0.00055,0.0697499999999999,0.0250999999999999,0.032,0.02375
2001-10-31,0.0197999999999999,0.0345,0.04205,0.00045,0.0677,0.021,0.0245,0.020625
2001-11-30,0.0192999999999999,0.03265,0.03985,0.00055,0.0678,0.019688,0.021563,0.02
2001-12-20,0.0178499999999999,0.0326,0.04015,0.0005,0.064,0.018594,0.0210939999999999,0.019688
2001-12-31,0.0176,0.03205,0.0404,0.00105,0.06375,0.0178499999999999,0.020469,0.02
2002-01-31,0.01585,0.033,0.04,0.00045,0.06425,0.01775,0.0208,0.01875
2002-02-28,0.0171,0.03305,0.039844,0.00025,0.0666,0.0183499999999999,0.020938,0.02
2002-03-14,0.0168,0.0335,0.040625,0.00035,0.06675,0.0195,0.022206,0.022813
2002-03-29,0.0159,0.0343,0.04125,0.00055,0.0665,0.01975,0.02375,0.022188
2002-04-30,0.0151,0.0336,0.040938,0.00025,0.0665,0.01845,0.0248059999999999,0.019063
2002-05-31,0.0118999999999999,0.0346,0.04125,0.000225,0.0692499999999999,0.0181,0.026538,0.018438
2002-06-20,0.012,0.0344,0.041094,0.0002,0.07225,0.018,0.02825,0.0175
2002-06-28,0.012,0.03395,0.040781,0.00035,0.07125,0.01795,0.0281,0.017813000000000002
2002-07-31,0.0073,0.0331,0.039375,0.00035,0.0717,0.0174,0.02875,0.017656
2002-08-30,0.0070999999999999,0.03315,0.039375,0.000275,0.0715,0.01735,0.02995,0.017188000000000002
2002-09-19,0.0063,0.03285,0.039375,5e-05,0.07125,0.0173,0.0294,0.018438
2002-09-30,0.00655,0.03265,0.03875,0.00025,0.0697,0.01645,0.0291,0.018594
2002-10-31,0.0069999999999999,0.0314,0.03875,0.00035,0.07125,0.01575,0.028575,0.018438
2002-11-29,0.0069999999999999,0.03025,0.039688,-0.0002,0.07125,0.0138,0.02785,0.015313
2002-12-19,0.0056999999999999,0.0292,0.03945,0.000125,0.0633,0.01295,0.02795,0.015313
2002-12-31,0.0056,0.02855,0.039531,5e-05,0.0623,0.0128499999999999,0.0277,0.014688000000000001
2003-01-31,0.0056,0.02785,0.03875,-0.00025,0.05925,0.01295,0.0288499999999999,0.014063
2003-02-28,0.0046,0.0241,0.036094,0.0,0.0541,0.01275,0.0302999999999999,0.01375
2003-03-20,0.0029,0.0243999999999999,0.035938,0.0001,0.05525,0.01195,0.03215,0.013125
2003-03-31,0.0026,0.0241,0.03585,0.00025,0.053,0.0116,0.03245,0.013281000000000001
2003-04-30,0.0026,0.0248499999999999,0.035363,0.00025,0.0495,0.012,0.0335,0.015
2003-05-30,0.0024,0.02245,0.035625,0.0002,0.0465,0.01165,0.03285,0.0128
2003-06-19,0.0024,0.02115,0.035625,0.0003,0.0385,0.00895,0.0315,0.0103
2003-06-30,0.0025,0.02115,0.035625,-0.0006,0.03725,0.01065,0.03175,0.01065
2003-07-31,0.0025,0.02095,0.033906,-0.000525,0.03248,0.0107,0.0289,0.01135
2003-08-29,0.00215,0.02125,0.035613,-0.000325,0.02875,0.01095,0.02795,0.011000000000000001
2003-09-18,0.002,0.02115,0.036531,-0.00035,0.02615,0.01095,0.02765,0.0104
2003-09-30,0.002,0.02075,0.036781,-0.000525,0.02675,0.01095,0.0269,0.007656
2003-10-31,0.0021,0.02125,0.039063,-0.0005,0.02795,0.01125,0.0271499999999999,0.00435
2003-11-28,0.0021,0.02115,0.03935,-0.0003,0.0268,0.011,0.0275,0.0023
2003-12-18,0.002,0.02115,0.039706,-0.0001,0.0236,0.011,0.0271499999999999,0.001875
2003-12-31,0.0021,0.02105,0.039706,0.0003,0.022662,0.0109,0.02675,0.0007000000000000001
2004-01-30,0.001888,0.0206499999999999,0.040925,-0.0006,0.02045,0.01075,0.0243999999999999,0.0009
2004-02-27,0.002188,0.020001,0.0415629999999999,0.0001,0.01735,0.0105,0.021876,0.0011
2004-03-18,0.0020499999999999,0.020001,0.04235,0.0001,0.0178499999999999,0.010525,0.021251,0.001
2004-03-31,0.0020499999999999,0.01935,0.04315,0.0001,0.0178499999999999,0.0106,0.020938,0.0009
2004-04-30,0.0021,0.02045,0.0438,0.0001,0.01825,0.0111,0.0204999999999999,0.0043
2004-05-31,0.002188,0.020626,0.045938,-0.0004,0.0189,0.0127,0.02085,0.00345
2004-06-17,0.003751,0.020626,0.048075,-0.00045,0.0195,0.01415,0.021563,0.0054
2004-06-30,0.004488,0.02095,0.047969,-0.0006,0.01855,0.0157,0.02105,0.00455
2004-07-30,0.004975,0.020938,0.048775,0.0002,0.0192999999999999,0.016525,0.021251,0.0074
2004-08-31,0.005775,0.020626,0.0486749999999999,-0.0003,0.01905,0.017525,0.022501,0.00815
2004-09-16,0.006475,0.020626,0.048575,0.0001,0.018,0.018625,0.023963,0.00905
2004-09-30,0.0066749999999999,0.021251,0.048475,0.0001,0.019029,0.019825,0.025,0.01095
2004-10-29,0.006975,0.021251,0.048075,0.0001,0.0189,0.0211249999999999,0.026563,0.0036
2004-11-30,0.007125,0.021251,0.0481259999999999,1e-05,0.018685,0.0237999999999999,0.026563,0.0052
2004-12-16,0.00705,0.021251,0.047975,0.0001,0.01895,0.0247,0.026251,0.0046
2004-12-31,0.006475,0.021251,0.04785,-0.0002,0.01895,0.025175,0.025938,0.0030499999999999998
2005-01-31,0.00705,0.020938,0.0480499999999999,5e-05,0.01815,0.02705,0.025626,0.007850000000000001
2005-02-28,0.00715,0.0212,0.0489499999999999,-0.0002,0.0183,0.02875,0.02575,0.01845
2005-03-17,0.00715,0.020938,0.04915,0.00035,0.01935,0.02995,0.025938,0.02275
2005-03-31,0.00735,0.02125,0.04915,0.00025,0.01925,0.03065,0.02645,0.027149999999999997
2005-04-29,0.0072499999999999,0.0210999999999999,0.04855,-0.0002,0.0194,0.03165,0.025938,0.01975
2005-05-31,0.00715,0.02105,0.04795,0.0002,0.0202,0.03305,0.0258,0.03335
2005-06-16,0.00715,0.02095,0.04775,0.0001,0.020765,0.03345,0.0260999999999999,0.0334
2005-06-30,0.00695,0.02095,0.0464,-0.0002,0.020845,0.03475,0.02575,0.03185
2005-07-29,0.0069999999999999,0.0212,0.04545,-0.0002,0.0209,0.03675,0.02635,0.03385
2005-08-31,0.0070999999999999,0.020963,0.04495,0.000105,0.0217,0.03805,0.0281,0.03795
2005-09-15,0.007188,0.020938,0.045313,0.0001,0.02245,0.0385,0.028751,0.038149999999999996
2005-09-30,0.00735,0.021251,0.045313,0.000325,0.0227,0.0395999999999999,0.030001,0.0418
2005-10-31,0.007501,0.021563,0.0455,0.0,0.02395,0.0422499999999999,0.0318,0.0429
2005-11-30,0.0096499999999999,0.02455,0.045626,5e-05,0.0241,0.0439499999999999,0.0332,0.042199999999999994
2005-12-15,0.009688,0.02435,0.04605,-0.0002,0.024,0.04455,0.0339,0.04135
2005-12-30,0.0098999999999999,0.0248499999999999,0.04595,-0.0001,0.0242,0.04495,0.0346,0.04165
2006-01-31,0.00975,0.025001,0.04535,-0.0001,0.0238499999999999,0.04675,0.036251,0.0382
2006-02-28,0.0109,0.025626,0.04505,-0.0001,0.02528,0.0476999999999999,0.03865,0.04195
2006-03-16,0.01165,0.0269499999999999,0.04525,0.00095,0.026,0.0487,0.038438,0.043449999999999996
2006-03-31,0.0121,0.02795,0.0455,0.0009,0.0268,0.04965,0.03925,0.0437
2006-04-28,0.012813,0.028126,0.04615,0.0001,0.02745,0.0509,0.0412509999999999,0.04595
2006-05-31,0.01365,0.028751,0.046563,0.0024,0.0291,0.0521,0.042813,0.045
2006-06-15,0.01415,0.02935,0.046563,0.0023,0.02865,0.0538499999999999,0.042813,0.04605000000000001
2006-06-30,0.014688,0.0302,0.0471,0.0027,0.02905,0.0545,0.043438,0.045250000000000005
2006-07-31,0.015001,0.030938,0.0468499999999999,0.003,0.03005,0.0542,0.042813,0.04275
2006-08-31,0.016251,0.03235,0.0495,0.00365,0.0319,0.05325,0.0426999999999999,0.04255
2006-09-14,0.016876,0.032813,0.0499,0.00385,0.03235,0.05355,0.042813,0.04125
2006-09-29,0.017813,0.0339,0.0504,0.00405,0.0331,0.0532,0.042501,0.04185
2006-10-31,0.018438,0.03535,0.05155,0.0043,0.0341,0.05325,0.0421879999999999,0.03995
2006-11-30,0.019219,0.0362,0.05195,0.0051,0.03545,0.05285,0.0421879999999999,0.04095
2006-12-14,0.01975,0.03665,0.05245,0.00535,0.03735,0.0528,0.042501,0.03945
2006-12-29,0.020938,0.03705,0.05275,0.00515,0.0377,0.05325,0.042501,0.0391
2007-01-31,0.02175,0.03765,0.05525,0.0049499999999999,0.04,0.0532,0.042501,0.04105
2007-02-28,0.02185,0.038375,0.0547499999999999,0.0069,0.0417499999999999,0.05285,0.042501,0.042050000000000004
2007-03-15,0.02245,0.0387,0.05485,0.00685,0.04285,0.0529,0.0421879999999999,0.041749999999999995
2007-03-30,0.02265,0.03905,0.05545,0.0060999999999999,0.04325,0.0530999999999999,0.042501,0.04095
2007-04-30,0.02315,0.04005,0.05665,0.0060999999999999,0.0439499999999999,0.05295,0.04235,0.042300000000000004
2007-05-31,0.024219,0.0409999999999999,0.05775,0.0063,0.04555,0.05315,0.043438,0.046150000000000004
2007-06-14,0.02435,0.0412999999999999,0.05805,0.0069,0.04615,0.05325,0.044376,0.04455
2007-06-29,0.02665,0.0415,0.0593499999999999,0.0068,0.04715,0.05335,0.044688,0.044349999999999994
2007-07-31,0.0263,0.0425,0.05995,0.0072,0.0482,0.05315,0.046563,0.04275
2007-08-31,0.02855,0.04705,0.06575,0.0093999999999999,0.0518,0.05775,0.04875,0.0492
2007-09-20,0.02725,0.04675,0.0632,0.00955,0.0536,0.0525,0.05125,0.04565
2007-09-28,0.02745,0.04755,0.062,0.00995,0.05525,0.0538,0.049,0.050499999999999996
2007-10-31,0.0268,0.04565,0.0623,0.00865,0.0557,0.0496999999999999,0.0479,0.044000000000000004
2007-11-30,0.0262,0.0481,0.0657,0.0097,0.05705,0.05005,0.0495,0.03875
2007-12-20,0.0264,0.04765,0.0605,0.00905,0.0575,0.0475,0.049,0.0379
2007-12-31,0.027,0.0465,0.06,0.00875,0.0576999999999999,0.0457,0.0484999999999999,0.034
2008-01-31,0.025938,0.043375,0.0553,0.0081,0.0557,0.0308999999999999,0.039063,0.02265
2008-02-29,0.027188,0.043438,0.0571,0.009,0.05915,0.0289999999999999,0.037813,0.02435
2008-03-20,0.0278,0.046251,0.0595,0.009,0.05949,0.02575,0.035313,0.01755
2008-03-31,0.0278129999999999,0.046563,0.0598,0.00905,0.0601499999999999,0.0275,0.034376,0.01955
2008-04-30,0.02855,0.0484,0.0579999999999999,0.0096,0.0626,0.03025,0.034376,0.02075
2008-05-30,0.0278,0.0484999999999999,0.0583,0.0086,0.0621,0.0306,0.0315,0.01935
2008-06-19,0.0275499999999999,0.0493,0.05925,0.0086,0.06295,0.02785,0.033751,0.02315
2008-06-30,0.02821,0.049,0.0584999999999999,0.00975,0.0642,0.0301,0.033751,0.0227
2008-07-31,0.027225,0.0493,0.0575,0.0084,0.0630999999999999,0.02775,0.032501,0.022949999999999998
2008-08-29,0.0269499999999999,0.0493,0.0573,0.0092,0.06425,0.0302999999999999,0.032813,0.02245
2008-09-18,0.02735,0.0495,0.059,0.0095,0.0583,0.0469,0.037782,0.03
2008-09-30,0.02995,0.0525,0.06225,0.0096,0.07535,0.05125,0.0412509999999999,0.0365
2008-10-31,0.0243,0.04825,0.0584999999999999,0.015,0.064425,0.0375,0.0275,0.0325
2008-11-28,0.0123,0.03975,0.03975,0.0125,0.058949,0.02375,0.0275,0.02025
2008-12-18,0.0075,0.03125,0.0292499999999999,0.0125,0.038319,0.01675,0.022,0.011000000000000001
2008-12-31,0.0075,0.02825,0.0275,0.0077,0.036784,0.0135,0.0185,0.009000000000000001
2009-01-30,0.0093,0.02125,0.02125,0.0075,0.032705,0.013,0.0115,0.0095
2009-02-27,0.0075,0.01775,0.02025,0.00675,0.029357,0.0135,0.0135,0.008
2009-03-19,0.0078,0.01575,0.01825,0.00665,0.030846,0.012,0.008,0.0085
2009-03-31,0.00825,0.01485,0.01625,0.00655,0.027492,0.012,0.008,0.0085
2009-04-30,0.0066,0.0144999999999999,0.0141999999999999,0.0053,0.026187,0.0116,0.008,0.00705
2009-05-29,0.006,0.01215,0.0125,0.003,0.020756,0.0093999999999999,0.004,0.0033
2009-06-18,0.00325,0.01225,0.0124,0.0043,0.01787,0.0093,0.0034999999999999,0.0029
2009-06-30,0.00325,0.01065,0.0121,0.0046,0.017181,0.0083,0.0034999999999999,0.0030499999999999998
2009-07-31,0.0040999999999999,0.00905,0.0093,0.0038,0.016617,0.00625,0.005,0.0017000000000000001
2009-08-31,0.003,0.0076,0.00705,0.0033,0.018007,0.00525,0.0065,0.0015
2009-09-17,0.0031,0.0065,0.0060999999999999,0.0033,0.016226,0.00525,0.005,0.0016
2009-09-30,0.0031,0.0065,0.0055,0.0029,0.0174269999999999,0.0065,0.005,0.0017000000000000001
2009-10-30,0.0034,0.0059,0.0059,0.00315,0.0180689999999999,0.00375,0.005,0.0013
2009-11-30,0.0032,0.006,0.0060999999999999,0.002,0.019034,0.00375,0.005,0.00055
2009-12-17,0.0031,0.0062,0.006,0.0020499999999999,0.019497,0.0036,0.005,0.0008
2009-12-31,0.0034999999999999,0.006,0.0065,0.0020499999999999,0.020471,0.0036,0.00475,0.0009
2010-01-29,0.0034,0.005,0.0058499999999999,0.0017499999999999,0.021019,0.0036,0.00425,0.0008
2010-02-26,0.0036,0.005,0.00605,0.002,0.021706,0.0036,0.00425,0.0008
2010-03-18,0.0029,0.005,0.00615,0.0019,0.021896,0.0032,0.00425,0.0007000000000000001
2010-03-31,0.00275,0.0049,0.00615,0.00155,0.022333,0.0032,0.00425,0.001
2010-04-30,0.0021,0.0056,0.00625,0.0015,0.023232,0.0034999999999999,0.0045,0.0008
2010-05-31,0.0013,0.00565,0.0072499999999999,0.00255,0.02583,0.00535,0.0055,0.0022
2010-06-17,0.0016,0.0064,0.0072499999999999,0.00245,0.025609,0.0034999999999999,0.00825,0.0033
2010-06-30,0.0028,0.0067,0.0072499999999999,0.0019,0.027244,0.0034999999999999,0.00825,0.0051
2010-07-30,0.0042,0.00785,0.0074,0.002,0.0249,0.0034999999999999,0.00825,0.0031
2010-08-31,0.0038,0.0086,0.0073,0.0019,0.025305,0.0028499999999999,0.0098,0.002
2010-09-16,0.0019,0.0085,0.0073,0.0019,0.024925,0.00275,0.0115,0.00215
2010-09-30,0.0019,0.0086,0.0074,0.0015,0.024648,0.00275,0.0115,0.0028000000000000004
2010-10-29,0.00225,0.0104,0.0074,0.0017,0.0235,0.00275,0.0115,0.0022
2010-11-30,0.00195,0.00815,0.0074,0.0016,0.023755,0.0028499999999999,0.012,0.0021
2010-12-16,0.0034,0.0098,0.0074,0.0015,0.0249759999999999,0.0028499999999999,0.012,0.0027
2010-12-31,0.00195,0.0096,0.00745,0.00155,0.024796,0.0028499999999999,0.012,0.0023
2011-01-31,0.001,0.0103,0.0076,0.0016,0.024066,0.0028499999999999,0.0115,0.0014000000000000002
2011-02-28,0.001,0.0092,0.008,0.0025,0.02488,0.00295,0.01135,0.0018
2011-03-17,0.0031,0.0111,0.0081,0.0015,0.024553,0.00295,0.012,0.0021
2011-03-31,0.00275,0.0126,0.0081999999999999,0.0015,0.02538,0.00295,0.0115,0.0021
2011-04-29,0.0022,0.0138,0.00815,0.0016,0.0256999999999999,0.00255,0.0118,0.002
2011-05-31,0.0026,0.0141,0.0081999999999999,0.0016,0.027846,0.0023499999999999,0.0115,0.0021
2011-06-16,0.00225,0.0144999999999999,0.0081,0.0016,0.02732,0.0021,0.011,0.0020499999999999997
2011-06-30,0.0028,0.0151,0.00805,0.0015,0.0281119999999999,0.00215,0.0115,0.0019500000000000001
2011-07-29,0.0024,0.016,0.0081,0.0016,0.02905,0.00225,0.0121999999999999,0.0022500000000000003
2011-08-31,0.001,0.0151,0.0088,0.0015,0.029912,0.00315,0.0113,0.0022500000000000003
2011-09-15,-0.0012,0.015,0.00895,0.0016,0.030011,0.00325,0.012,0.0023
2011-09-30,0.0015,0.0151,0.0093999999999999,0.0009,0.02935,0.0035499999999999,0.0121,0.0024
2011-10-31,0.00565,0.0155,0.0098,0.0016,0.0291069999999999,0.00405,0.013,0.0024
2011-11-30,0.00765,0.0141,0.01035,0.0017,0.030674,0.00505,0.0138,0.0027
2011-12-15,0.0095,0.0141999999999999,0.0105499999999999,0.0017,0.028226,0.00535,0.0132,0.003
2011-12-30,0.0092,0.0135,0.01075,0.0017,0.0283999999999999,0.00555,0.0133,0.0034999999999999996
2012-01-31,0.0046999999999999,0.01075,0.01085,0.0017,0.025435,0.00525,0.0133,0.004
2012-02-29,0.00565,0.00895,0.0108,0.0017,0.0252,0.00475,0.0126,0.004
2012-03-15,0.00425,0.0081,0.0105,0.0017,0.022205,0.0046999999999999,0.0123,0.004
2012-03-30,0.00345,0.00705,0.0103,0.0017,0.021888,0.0046999999999999,0.0121,0.004
2012-04-30,0.0054,0.00625,0.0102,0.0017,0.022191,0.0046999999999999,0.0136,0.004
2012-05-31,0.00125,0.0058499999999999,0.01,0.0017,0.022017,0.0048,0.0123,0.004
2012-06-14,0.00085,0.00565,0.01,0.0017,0.02275,0.0048,0.0125499999999999,0.004
2012-06-29,0.00085,0.00525,0.0087,0.0017,0.021872,0.0046999999999999,0.01235,0.004
2012-07-31,0.00075,0.0015,0.00685,0.00125,0.021029,0.0049499999999999,0.01235,0.004
2012-08-31,0.0,0.0011,0.00625,0.00135,0.0193559999999999,0.0046,0.01235,0.004
2012-09-20,0.0005,0.00105,0.0056999999999999,0.0015,0.01825,0.004,0.01235,0.0036
2012-09-28,0.00045,0.00105,0.0052,0.00105,0.018549,0.0039,0.01205,0.0036
2012-10-31,0.0008,0.001,0.00485,0.00095,0.017717,0.0034999999999999,0.01175,0.0036
2012-11-30,0.0,0.001,0.0048,0.00095,0.018026,0.0033,0.01165,0.0036
2012-12-20,-0.0002,0.001,0.0048,0.00095,0.017739,0.0033,0.01165,0.0036
2012-12-31,-0.0018,0.001,0.0048,0.00095,0.01738,0.0033,0.01165,0.004
2013-01-31,-0.0003,0.00155,0.0048,0.00125,0.017864,0.003,0.01145,0.0036
2013-02-28,0.0005,0.00125,0.00475,0.0016,0.017808,0.003,0.01115,0.0038
2013-03-14,-0.0003,0.00125,0.00475,0.0016,0.017222,0.0028,0.01115,0.0036
2013-03-29,0.0,0.00105,0.00475,0.00085,0.017888,0.0028,0.0110499999999999,0.0028000000000000004
2013-04-30,0.0005,0.00135,0.00475,0.0014,0.017046,0.0023,0.0115,0.0036
2013-05-31,-0.0003,0.00125,0.00475,0.00125,0.016592,0.0028,0.0110499999999999,0.00345
2013-06-20,-0.0004,0.00155,0.00475,0.0012,0.015788,0.0028,0.0110499999999999,0.0037
2013-06-28,-0.0003,0.00135,0.0048,0.00165,0.015628,0.0028,0.01125,0.0038
2013-07-31,-0.0005,0.00145,0.00485,0.0016,0.016203,0.002646,0.01165,0.0037
2013-08-30,0.0013,0.0014,0.00485,0.0016,0.015901,0.0027,0.01125,0.0038
2013-09-19,-0.0005,0.00135,0.00485,0.0011,0.016038,0.0027,0.01125,0.0039000000000000003
2013-09-30,-0.00075,0.00145,0.00485,0.00095,0.0161,0.0027,0.01125,0.0032
2013-10-31,0.0,0.0017499999999999,0.0049,0.00115,0.015684,0.00225,0.01115,0.0038
2013-11-29,-0.0002,0.00165,0.0049,0.00065,0.0156099999999999,0.0023,0.01115,0.0037
2013-12-19,-0.0005,0.0026,0.0049499999999999,0.00085,0.01615,0.0024,0.01115,0.0037
2013-12-31,-0.0004,0.0023499999999999,0.0049499999999999,0.001055,0.0161,0.0023,0.0121,0.0033
2014-01-31,-0.0002,0.002525,0.0049499999999999,0.00095,0.01605,0.0023499999999999,0.01075,0.0033
2014-02-28,-0.00045,0.00245,0.0049499999999999,0.00095,0.01625,0.0026,0.01085,0.0033
2014-03-20,-0.000525,0.0026,0.0049499999999999,0.00075,0.01625,0.00215,0.01065,0.0033
2014-03-31,-0.00055,0.00265,0.00505,0.00085,0.01635,0.002325,0.0105499999999999,0.0033
2014-04-30,-0.0005,0.0030499999999999,0.0051,0.0004,0.01715,0.002175,0.01085,0.0033
2014-05-30,-0.000625,0.00245,0.00515,0.00025,0.01745,0.0027,0.011,0.0033
2014-06-19,0.0005,0.001675,0.0055,0.0003,0.01685,0.00275,0.01175,0.0038
2014-06-30,-2.5e-05,0.0015,0.0055,0.0003,0.01615,0.0027,0.011,0.0038
2014-07-31,0.0003,0.0017,0.0055,0.00015,0.01555,0.0029,0.011,0.003
2014-08-29,-0.0005,0.0011,0.0055,0.00015,0.0163,0.003,0.011,0.003
2014-09-18,-0.0001,0.0003,0.0056,-0.00045,0.0159,0.0029,0.01155,0.003
2014-09-30,-0.0005,0.0004,0.0056,-0.0007,0.0155,0.0027,0.0116999999999999,0.003
2014-10-31,-0.00025,0.0007,0.00545,-0.0009,0.01485,0.00255,0.01195,0.0037
2014-11-28,-0.00045,0.0004,0.00545,-0.00075,0.0154499999999999,0.0027,0.01135,0.003
2014-12-18,-0.0008,0.0003,0.00545,-0.0005,0.01365,0.0031,0.0105,0.003
2014-12-31,-0.0024,0.0002,0.00545,-0.0005,0.01365,0.00315,0.01185,0.003
2015-01-30,-0.0102499999999999,0.00065,0.00545,-0.00095,0.01205,0.0031,0.00805,0.003
2015-02-27,-0.009,-0.0001,0.00545,-0.00115,0.01225,0.00365,0.0075,0.0033
2015-03-19,-0.00775,-0.0003,0.00545,-0.001,0.0133499999999999,0.0046,0.00925,0.0033
2015-03-31,-0.00985,-0.0002,0.00545,-0.00135,0.0134,0.0039,0.0092,0.003
2015-04-30,-0.00915,-0.0003,0.00555,0.0001,0.01315,0.0038,0.0092,0.0033
2015-05-29,-0.0085,-0.0004,0.00555,0.0001,0.01365,0.0038,0.0096,0.0033
2015-06-18,-0.00885,-0.0003,0.00555,0.0001,0.01225,0.0038,0.0093,0.0033
2015-06-30,-0.00905,-0.0004,0.00555,-0.0012,0.012,0.0040999999999999,0.0093999999999999,0.0033
2015-07-31,-0.00765,-0.00035,0.00565,-0.0012,0.0113999999999999,0.004,0.0066,0.0033
2015-08-31,-0.0072499999999999,-0.0008,0.00575,0.0001,0.0109,0.00425,0.0055,0.004
2015-09-17,-0.0069999999999999,-0.0006,0.00575,0.0001,0.0104,0.00465,0.004,0.0034999999999999996
2015-09-30,-0.00775,-0.0006,0.00575,0.0001,0.0083,0.0045,0.0067,0.0033
2015-10-30,-0.00705,-0.0008,0.00575,0.0,0.0083,0.0046999999999999,0.0073,0.0033
2015-11-30,-0.01215,-0.0008,0.00575,0.0,0.009,0.0093999999999999,0.009,0.0033
2015-12-17,-0.00755,-0.0009,0.00575,0.0,0.009,0.0075,0.0079,0.00425
2015-12-31,-0.0076,-0.00085,0.00575,-0.00215,0.0095,0.0068,0.0064,0.00425
2016-01-29,-0.0070999999999999,-0.00145,0.00575,0.0,0.0095,0.0070999999999999,0.0069999999999999,0.00525
2016-02-29,-0.00865,-0.0015,0.00575,-0.0008,0.009,0.0072499999999999,0.006,0.00525
2016-03-17,-0.00715,-0.0023,0.0064,-0.0008,0.0093,0.0072,0.0068,0.0055000000000000005
2016-03-31,-0.00745,-0.0024,0.0067,-0.0008,0.009275,0.00825,0.0076,0.0055000000000000005
2016-04-29,-0.0070999999999999,-0.00225,0.0068,-0.0012,0.00925,0.006227,0.0065,0.0032500000000000003
2016-05-31,-0.00715,-0.0023499999999999,0.0066,-0.0028499999999999,0.0096,0.005711,0.0085,0.00507
2016-06-16,-0.00905,-0.0027,0.0072,-0.0016,0.0096499999999999,0.0051459999999999,0.0093999999999999,0.0067269999999999995
2016-06-30,-0.00995,-0.0027,0.0067,-0.0012,0.00975,0.010175,0.00895,0.006387
2016-07-29,-0.00765,-0.0029,0.0056999999999999,-0.0013,0.0096499999999999,0.0098999999999999,0.01035,0.0055000000000000005
2016-08-31,-0.00845,-0.0029,0.0043,-0.0012,0.01095,0.006488,0.00985,0.0055000000000000005
2016-09-15,-0.00785,-0.0029,0.004,-0.0029,0.01065,0.0064659999999999,0.006,0.0055000000000000005
2016-09-30,-0.00845,-0.0028,0.0056,-0.0031,0.01315,0.00885,0.01085,0.0055000000000000005
2016-10-31,-0.0074,-0.003,0.0042,-0.0029,0.0105499999999999,0.00895,0.00985,0.0063
2016-11-30,-0.00875,-0.00325,0.0056999999999999,-0.0031,0.0102499999999999,0.0153499999999999,0.0102499999999999,0.0078000000000000005
2016-12-15,-0.00825,-0.003,0.0058,-0.0029,0.0123,0.0157,0.0055,0.00975
2016-12-30,-0.00755,-0.0034999999999999,0.0060999999999999,-0.0044,0.0108,0.0153499999999999,0.0065,0.00895
2017-01-31,-0.00805,-0.0036,0.0038,-0.0027,0.01,0.01245,0.00825,0.0086
2017-02-28,-0.0074,-0.00385,0.0039,-0.0022,0.0103,0.0106,0.0075,0.00805
2017-03-16,-0.00785,-0.0031,0.00405,-0.00145,0.0095,0.01435,0.00815,0.00715
2017-03-31,-0.00785,-0.0032,0.0043,-0.0009,0.0098,0.0143,0.00785,0.0059
2017-04-28,-0.00775,-0.0032,0.0033,-0.00075,0.0102,0.0118,0.00885,0.00775
2017-05-31,-0.0075,-0.0031,0.0040999999999999,-0.00085,0.0093999999999999,0.0158,0.00875,0.00775
2017-06-15,-0.0075,-0.0038,0.0030499999999999,-0.00105,0.0070999999999999,0.012524,0.00895,0.0072499999999999995
2017-06-30,-0.00825,-0.003875,0.004,-0.00095,0.00845,0.013,0.00955,0.00644
2017-07-31,-0.00675,-0.003875,0.0025,-0.00015,0.00815,0.01315,0.01095,0.006999999999999999
2017-08-31,-0.0075,-0.00375,0.002674,-0.00145,0.00855,0.013028,0.01175,0.006999999999999999
2017-09-14,-0.0075,-0.004,0.0029149999999999,-0.00145,0.0072499999999999,0.013061,0.01345,0.0069
2017-09-29,-0.0075,-0.003725,0.0038,-0.00145,0.0081,0.0135,0.01435,0.0074
2017-10-31,-0.0075,-0.00385,0.0042959999999999,-0.00145,0.008,0.013662,0.01365,0.009250000000000001
2017-11-30,-0.0085,-0.00385,0.005114,-0.00115,0.00605,0.014724,0.01385,0.01125
2017-12-14,-0.009,-0.00385,0.005084,-0.00145,0.0098999999999999,0.01585,0.01635,0.0125
2017-12-29,-0.0085,-0.00375,0.0051049999999999,-0.0012,0.0076,0.01705,0.01375,0.01275
2018-01-31,-0.006975,-0.00385,0.005123,-0.0012,0.00795,0.01755,0.01595,0.0121
2018-02-28,-0.0072499999999999,-0.0037,0.005716,-0.0012,0.01,0.0197999999999999,0.01635,0.01
2018-03-15,-0.00775,-0.00375,0.005959,-0.0012,0.00605,0.02185,0.01665,0.00975
2018-03-30,-0.00755,-0.003725,0.0075,-0.0011,0.0105499999999999,0.0229499999999999,0.01705,0.0118
2018-04-30,-0.00705,-0.003875,0.007003,-0.0011,0.0101,0.0236,0.01585,0.0155
2018-05-31,-0.0072499999999999,-0.0035499999999999,0.006015,-0.0011,0.0105499999999999,0.023,0.01525,0.01675
2018-06-14,-0.0072499999999999,-0.00335,0.0065,-0.0011,0.00835,0.02345,0.01615,0.0195
2018-06-29,-0.0072499999999999,-0.003725,0.0070999999999999,-0.0011,0.0105499999999999,0.02365,0.01685,0.0207
2018-07-31,-0.006625,-0.0038,0.0078,-0.0011,0.009,0.0237,0.01685,0.02
2018-08-31,-0.00665,-0.0035499999999999,0.007905,-0.0011,0.0098,0.02305,0.01715,0.01925
2018-09-20,-0.00665,-0.003725,0.0083,-0.0011,0.0105499999999999,0.0239,0.01735,0.021
2018-09-28,-0.0069999999999999,-0.0035499999999999,0.007351,-0.0011,0.0105,0.0245,0.01975,0.020499999999999997
2018-10-31,-0.00735,-0.00365,0.0080679999999999,-0.0017499999999999,0.01175,0.0258,0.02245,0.0204
2018-11-30,-0.0072499999999999,-0.0036,0.008517,-0.0011,0.0110499999999999,0.0278,0.02075,0.020499999999999997
2018-12-20,-0.0072499999999999,-0.00325,0.009,-0.0011,0.01075,0.0283,0.01895,0.024
2018-12-31,-0.00675,-0.00325,0.009,-0.0011,0.0113999999999999,0.0277,0.01885,0.019
2019-01-31,-0.00675,-0.00325,0.0092,-0.0020499999999999,0.0113999999999999,0.0274,0.01875,0.017
2019-02-28,-0.00675,-0.00335,0.0085,-0.00195,0.01155,0.02635,0.019,0.015
2019-03-14,-0.00675,-0.00335,0.0085,-0.0017,0.0125,0.02615,0.01795,0.016
2019-03-29,-0.00675,-0.00335,0.0085,-0.0013,0.0125,0.0263,0.01775,0.01675
2019-04-30,-0.00665,-0.00335,0.0085,-0.00225,0.01295,0.0256999999999999,0.01825,0.02025
2019-05-31,-0.007125,-0.00345,0.008,-0.0018,0.01365,0.0253,0.01775,0.021005
2019-06-20,-0.007275,-0.0036,0.0079,-0.00225,0.0147,0.0233999999999999,0.01715,0.023504999999999998
2019-06-28,-0.00745,-0.00385,0.0079,-0.00245,0.01375,0.0231,0.01775,0.023250000000000003
2019-07-31,-0.007225,-0.00415,0.0076,-0.0020499999999999,0.0156,0.0227,0.017,0.0226
2019-08-30,-0.008,-0.00455,0.00765,-0.0023499999999999,0.0156,0.0213,0.01795,0.0215
2019-09-19,-0.008025,-0.004575,0.00775,-0.0025,0.01605,0.0217,0.01675,0.0225
2019-09-30,-0.0077249999999999,-0.004525,0.00805,-0.0027,0.0174,0.0212,0.01605,0.0223
2019-10-31,-0.0075,-0.004075,0.0081999999999999,-0.003,0.0178499999999999,0.020466,0.0183499999999999,0.0215
2019-11-29,-0.0075,-0.0040999999999999,0.00795,-0.0029,0.01765,0.01895,0.01825,0.0233
2019-12-19,-0.0065249999999999,-0.004125,0.00805,-0.00055,0.01795,0.0192999999999999,0.01825,0.0233
2019-12-31,-0.0075,-0.0042,0.00765,-0.00115,0.0173,0.01855,0.017,0.021
2020-01-31,-0.0072499999999999,-0.004325,0.00775,-0.00125,0.01595,0.01774,0.01805,0.0236
2020-02-28,-0.0072499999999999,-0.004275,0.0066,-0.0022,0.0161,0.015418,0.01695,0.0161
2020-03-19,-0.006725,-0.0038,0.00605,-0.00665,0.01865,0.010783,0.0121999999999999,0.0116
2020-03-31,-0.0072499999999999,-0.0034999999999999,0.005,-0.002,0.0093,0.01175,0.0072,0.016399999999999998
2020-04-30,-0.00525,-0.0021,0.00615,-0.0001,0.0033,0.002211,0.00445,0.012199999999999999
2020-05-29,-0.00525,-0.0030499999999999,0.00215,-0.00095,0.00165,0.0021449999999999,0.00455,0.012549999999999999
2020-06-18,-0.00575,-0.00335,0.00185,-0.00135,0.0027,0.002877,0.0034999999999999,0.00455
2020-06-30,-0.00625,-0.00445,0.00125,-0.0008,0.00225,0.002369,0.0032,0.006750000000000001
2020-07-31,-0.00635,-0.00475,0.00155,-0.00105,0.0019,0.00225,0.0023,0.0039000000000000003
2020-08-31,-0.006375,-0.0049,0.0013,-0.00125,0.0015,0.0023499999999999,0.00225,0.0055000000000000005
2020-09-17,-0.0065,-0.0051,0.0012,-0.00165,0.002,0.0023499999999999,0.0021,0.0068000000000000005
2020-09-30,-0.0066,-0.0046999999999999,0.0012,-0.0017499999999999,0.0027,0.00195,0.0020499999999999,0.0054
2020-10-30,-0.0066,-0.0053,0.0015,-0.00195,0.0048,0.00195,0.0019,0.0043
2020-11-30,-0.0067,-0.0053,0.00139,-0.0013,0.0034,0.00195,0.0026,0.00245
2020-12-17,-0.0067,-0.0053,0.00139,-0.00085,0.0051,0.0020499999999999,0.002,0.00245
2020-12-31,-0.00765,-0.00525,0.001005,-0.00155,0.0045,0.0034,0.0022,0.0019500000000000001
2021-01-29,-0.0072499999999999,-0.005575,0.00052,-0.0015,0.0029,0.0026,0.0021,0.00215
2021-02-26,-0.0075,-0.0055,0.001005,-0.0009,0.0034999999999999,0.001926,0.0024,0.0020499999999999997
2021-03-18,-0.007325,-0.0056,0.001005,-0.0011,0.0026,0.0019,0.00165,0.0015
2021-03-31,-0.007325,-0.00555,0.001005,-0.0014,0.0026,0.002,0.0018,0.0012
2021-04-30,-0.007525,-0.00555,0.001005,-0.0013,0.0017,0.0019,0.0012,0.001
2021-05-31,-0.0069999999999999,-0.00555,0.001005,-0.0009,0.0011,0.002,0.0021,0.0008500000000000001
2021-06-17,-0.007275,-0.005575,0.00116,-0.00075,0.0009,0.00165,0.0019,0.001
2021-06-30,-0.0073,-0.0056,0.0015,-0.00125,0.0013,0.001539,0.0023,0.001
2021-07-30,-0.0073,-0.0053,0.001055,-0.00105,0.0022,0.0016,0.0023,0.0007000000000000001
2021-08-31,-0.0069999999999999,-0.00525,0.0009,-0.0009,0.00325,0.0018,0.0024,0.00125
2021-09-16,-0.0070999999999999,-0.00505,0.00109,-0.00095,0.00415,0.0015,0.0022,0.0007000000000000001
2021-09-30,-0.006925,-0.0053,0.00133,-0.00125,0.00615,0.0015,0.0024,0.0007000000000000001
2021-10-29,-0.00675,-0.0056,0.00257,-0.00105,0.0077,0.0017,0.0033,0.0009
2021-11-30,-0.00665,-0.00775,0.00189,-0.0004,0.00885,0.0018,0.0033,0.0015
2021-12-16,-0.0065,-0.0052,0.00254,-0.0009,0.0081,0.002,0.0034999999999999,0.0015
2021-12-31,-0.0072,-0.00515,0.00315,-0.00045,0.0091,0.0022,0.003,0.0016
2022-01-31,-0.006725,-0.00535,0.0055,-0.0007,0.0098,0.0032,0.0043,0.0024
2022-02-28,-0.00655,-0.0053,0.00755,-0.0006,0.0107,0.0056,0.0070999999999999,0.0040999999999999995
2022-03-17,-0.0065249999999999,-0.004725,0.012,-0.0001,0.01205,0.0089,0.0102,0.0052
2022-03-31,-0.00675,-0.0049499999999999,0.01112,-0.0003,0.01115,0.007077,0.0116,0.003
2022-04-29,-0.005325,-0.004125,0.013,-0.00055,0.0126,0.0117799999999999,0.016,0.0059
2022-05-31,-0.00525,-0.0037,0.01405,-0.0008,0.0115,0.01675,0.0179,0.0059
2022-06-16,-0.002,-0.00225,0.0165,-0.00095,0.0139,0.019979,0.0223,0.0125
2022-06-30,-0.00095,-0.0014,0.017025,-0.00125,0.0161,0.021718,0.0243,0.017
2022-07-29,0.0002,0.0026,0.020465,-0.0015,0.0212,0.02589,0.0298,0.01875
2022-08-31,0.0015,0.0079,0.0235,-0.0015,0.0248,0.030183,0.0339,0.026000000000000002
2022-09-15,0.00625,0.01095,0.0279999999999999,-0.0018,0.0273,0.034744,0.0369,0.03
2022-09-30,0.005,0.0130499999999999,0.039525,-0.0021,0.0327999999999999,0.036474,0.0359,0.031549999999999995
2022-10-31,0.004,0.01775,0.035435,-0.00095,0.0333,0.041604,0.0406,0.045700000000000005
2022-11-30,0.0055,0.02035,0.03645,-0.0012,0.0336,0.044035,0.0419,0.048600000000000004
2022-12-15,0.00625,0.0214,0.038535,-0.00155,0.0304,0.04509,0.044,0.049800000000000004
2022-12-30,0.009675,0.0229499999999999,0.0399,-0.00135,0.0318,0.04601,0.0453,0.04135
2023-01-31,0.0110499999999999,0.0266,0.04155,-0.0014,0.0306999999999999,0.04697,0.047,0.03455
2023-02-28,0.01245,0.0297,0.04415,-0.0017499999999999,0.0301,0.0490899999999999,0.0463,0.03625
2023-03-16,0.011,0.03,0.04375,-0.0019,0.0335499999999999,0.04859,0.0463,0.0329
2023-03-31,0.01405,0.0315,0.04555,-0.00155,0.03415,0.049221,0.04555,0.03545
2023-04-28,0.015,0.0341,0.04815,-0.00195,0.03475,0.05078,0.0455999999999999,0.03895
2023-05-31,0.0146,0.03525,0.0497499999999999,-0.0013,0.0366999999999999,0.0523,0.047,0.047
2023-06-15,0.0175,0.0362,0.05175,-0.00095,0.0389,0.052028,0.0496,0.048150000000000005
2023-06-30,0.01715,0.03705,0.055088,-0.0012,0.042,0.0552,0.0495,0.04825
2023-07-31,0.017475,0.038325,0.0559,-0.0009,0.045925,0.0559999999999999,0.0516,0.054001
2023-08-31,0.0174,0.0385999999999999,0.056297,-0.001638,0.0463499999999999,0.0558249999999999,0.051425,0.043250000000000004
2023-09-14,0.018275,0.0404,0.05665,-0.001625,0.0465,0.0558,0.05175,0.05025
2023-09-29,0.017008,0.0404,0.0561,-0.002125,0.0484,0.05825,0.0513,0.0509
2023-10-31,0.016709,0.04035,0.05525,-0.0024129999999999,0.0474,0.057413,0.0513,0.05225
2023-11-30,0.017179,0.040125,0.05405,-0.0018,0.0462,0.05615,0.0508,0.052750000000000005
2023-12-14,0.017727,0.0399,0.053775,-0.0018,0.0474,0.0556,0.0509,0.05025
2023-12-29,0.017275,0.0398,0.053451,-0.00215,0.04655,0.054375,0.0496999999999999,0.047400000000000005
2024-01-31,0.0165,0.0395,0.053551,-0.0013,0.0471319999999999,0.054725,0.05065,0.04545
2024-02-29,0.015898,0.0398979999999999,0.05335,-0.00105,0.0465,0.054935,0.0496999999999999,0.044950000000000004
2024-03-14,0.01665,0.03966,0.052976,-0.001,0.04585,0.054713,0.0495,0.04575
2024-03-29,0.014428,0.03945,0.0528,-0.0001919999999999,0.04585,0.054625,0.0491,0.045250000000000005
2024-04-30,0.0139,0.039,0.053266,0.000199,0.046001,0.054775,0.04865,0.045412999999999995
2024-05-31,0.0135749999999999,0.03835,0.05335,0.000575,0.0463,0.0548,0.0475,0.04625
2024-06-20,0.012119,0.03775,0.053075,0.000149,0.04625,0.055,0.046325,0.04724999999999999
2024-06-28,0.011875,0.03745,0.0526499999999999,-0.0001,0.0458999999999999,0.054625,0.0465,0.04650000000000001
2024-07-31,0.011129,0.03645,0.05166,0.00105,0.046019,0.05375,0.0434,0.04475
2024-08-30,0.009624,0.0353,0.050161,0.00105,0.04555,0.0519,0.0412999999999999,0.03975
2024-09-19,0.008627,0.034775,0.049375,0.0012,0.045675,0.048225,0.0395,0.03775
2024-09-30,0.008402,0.03314,0.049758,-5e-05,0.046598,0.048075,0.0389,0.044125
2024-10-31,0.0069999999999999,0.03141,0.048843,-0.00025,0.046076,0.047175,0.03485,0.042249999999999996
2024-11-29,0.005413,0.02965,0.0481,0.001623,0.04645,0.04655,0.0333,0.042249999999999996
2024-12-19,0.004562,0.029025,0.04854,0.0015,0.0463,0.045075,0.0321,0.042249999999999996
2024-12-31,0.0044,0.02845,0.047908,0.00275,0.0461,0.0449,0.0315,0.04019999999999999
2025-01-31,0.0038,0.026725,0.04605,0.0037,0.04485,0.04485,0.0283999999999999,0.03725
2025-02-28,0.003013,0.02495,0.045244,0.0040999999999999,0.0437,0.0445249999999999,0.0282,0.03925
2025-03-20,0.002188,0.02467,0.045273,0.004025,0.0446,0.044575,0.0273,0.03975
2025-03-31,0.0019,0.024065,0.044791,0.00405,0.04455,0.044175,0.0269249999999999,0.037342
2025-04-30,0.0008,0.0217899999999999,0.0434499999999999,0.0044,0.04495,0.044425,0.0265,0.03935
2025-05-30,0.00025,0.020775,0.0434,0.0040999999999999,0.0458,0.0448,0.0269,0.01825
2025-06-19,0.000175,0.02075,0.042752,0.0040999999999999,0.043056,0.044751,0.0269499999999999,0.014499999999999999
2025-06-30,-0.00015,0.02055,0.04235,0.003875,0.0416,0.044675,0.0265,0.01575
2025-07-31,-0.000524,0.0207249999999999,0.041375,0.00445,0.0418,0.0445249999999999,0.027,0.01625
2025-08-29,-0.00015,0.02085,0.041075,0.005,0.0416,0.043,0.0263,0.03125
2025-09-18,-0.0002,0.02073,0.041675,0.0048,0.0407,0.0414499999999999,0.02475,0.034
2025-09-30,-0.000345,0.0207399999999999,0.041675,0.005201,0.0407,0.0412999999999999,0.02455,0.034249999999999996
2025-10-31,-0.00075,0.02072,0.041075,0.00485,0.0421999999999999,0.0405,0.0226,0.0356
2025-11-28,-0.0008,0.02093,0.039999,0.0056999999999999,0.041475,0.03945,0.0222,0.029750000000000002
2025-12-18,-0.0005,0.021,0.0395,0.0065,0.0393,0.0385999999999999,0.0231,0.029750000000000002
2025-12-31,0.0001,0.0209,0.038975,0.0062,0.0395,0.0385,0.023,0.02725
2026-01-30,-0.0008,0.021,0.038675,0.0073,0.0395,0.038,0.0226,0.0273
2026-02-27,-0.00055,0.02094,0.037025,0.0076,0.0406,0.03765,0.02275,0.0245
2026-03-19,-0.001048,0.02165,0.040251,0.0077,0.0403749999999999,0.038975,0.023275,0.02175
2026-03-31,-0.0012,0.02215,0.0399,0.00795,0.041025,0.0385,0.024325,0.02125
2026-04-30,-0.0005,0.0226,0.039997,0.0084,0.0429,0.038075,0.0237999999999999,0.02625
2026-05-29,-0.0004,0.0235,0.039613,0.0097,0.0441999999999999,0.0384,0.023,0.0263
2026-06-18,-0.0004,0.02388,0.039663,0.009800999999999999,0.043875000000000004,0.038599999999999995,0.023,0.02825
2026-06-30,-7.5e-05,0.02384,0.039625,0.009899999999999999,0.043899999999999995,0.0393,0.02275,0.02825
2026-07-31,-0.000474,0.025125,0.0395,0.011198,0.044649999999999995,0.039599999999999996,0.02335,0.027751
